base_rent,qm,plz,rent_per_qm,data_set
650.00,30.00,10551,21.67,immoscout
720.00,48.00,12167,15.00,immoscout
3058.60,203.10,10178,15.06,immoscout
1539.00,81.00,10115,19.00,immoscout
6062.05,391.10,10178,15.50,immoscout
630.00,66.14,13585,9.53,immoscout
3617.60,190.40,10178,19.00,immoscout
1287.00,58.50,10178,22.00,immoscout
3216.57,185.50,10178,17.34,immoscout
3495.74,190.40,10178,18.36,immoscout
2448.00,150.00,10178,16.32,immoscout
1915.50,127.70,10178,15.00,immoscout
2320.00,230.00,14052,10.09,immoscout
2385.00,180.00,14163,13.25,immoscout
483.40,54.67,13089,8.84,immoscout
695.56,70.00,10249,9.94,immoscout
330.56,45.00,12055,7.35,immoscout
3000.00,130.00,10435,23.08,immoscout
2159.00,135.00,13156,15.99,immoscout
3000.00,130.00,10435,23.08,immoscout
224.68,29.22,12559,7.69,immoscout
376.87,59.82,12459,6.30,immoscout
293.24,48.55,13059,6.04,immoscout
949.55,59.31,10785,16.01,immoscout
590.00,62.03,10407,9.51,immoscout
544.32,64.60,13593,8.43,immoscout
575.62,81.77,13589,7.04,immoscout
457.04,52.72,13583,8.67,immoscout
680.00,68.00,12353,10.00,immoscout
1035.00,114.50,13347,9.04,immoscout
650.00,55.00,12524,11.82,immoscout
530.75,39.42,12555,13.46,immoscout
3944.00,215.00,10823,18.34,immoscout
4199.00,226.00,10823,18.58,immoscout
795.90,88.63,12203,8.98,immoscout
323.15,55.80,12349,5.79,immoscout
780.00,21.00,10557,37.14,immoscout
942.50,72.50,12555,13.00,immoscout
500.80,87.05,12687,5.75,immoscout
319.94,52.97,12687,6.04,immoscout
1479.52,105.68,14059,14.00,immoscout
494.41,43.87,13088,11.27,immoscout
1020.00,64.00,10711,15.94,immoscout
1060.00,106.00,12307,10.00,immoscout
820.00,78.03,10559,10.51,immoscout
1710.00,116.00,10711,14.74,immoscout
1425.00,85.00,10117,16.76,immoscout
1375.00,73.00,10115,18.84,immoscout
410.00,41.00,12526,10.00,immoscout
500.00,23.00,10247,21.74,immoscout
286.66,47.46,12685,6.04,immoscout
644.00,56.00,13055,11.50,immoscout
764.85,50.99,12459,15.00,immoscout
644.00,56.00,13055,11.50,immoscout
460.37,48.46,12555,9.50,immoscout
804.73,81.04,13158,9.93,immoscout
650.00,55.49,12247,11.71,immoscout
337.75,56.90,13583,5.94,immoscout
664.00,63.20,12163,10.51,immoscout
975.00,65.00,14193,15.00,immoscout
825.00,90.00,13467,9.17,immoscout
720.00,60.00,13088,12.00,immoscout
890.00,25.62,10785,34.74,immoscout
1059.00,50.00,10693,21.18,immoscout
890.00,24.69,10785,36.05,immoscout
1170.00,78.00,13469,15.00,immoscout
1145.00,121.00,12557,9.46,immoscout
460.00,19.35,13347,23.77,immoscout
515.00,28.00,13353,18.39,immoscout
460.00,19.50,13347,23.59,immoscout
495.38,29.14,12459,17.00,immoscout
2289.75,107.50,10557,21.30,immoscout
2173.57,111.18,10557,19.55,immoscout
2399.65,117.63,10557,20.40,immoscout
454.12,49.96,14163,9.09,immoscout
302.12,50.00,13059,6.04,immoscout
360.32,65.50,10315,5.50,immoscout
374.89,68.00,10319,5.51,immoscout
340.88,60.50,13125,5.63,immoscout
281.01,47.50,10319,5.92,immoscout
411.23,75.00,10319,5.48,immoscout
429.55,62.50,10319,6.87,immoscout
395.41,70.00,13051,5.65,immoscout
379.30,58.00,13125,6.54,immoscout
366.54,68.50,10319,5.35,immoscout
272.33,46.00,13057,5.92,immoscout
444.14,54.50,13059,8.15,immoscout
465.59,27.98,12459,16.64,immoscout
1733.25,115.55,10967,15.00,immoscout
404.64,67.44,13589,6.00,immoscout
698.31,73.99,10249,9.44,immoscout
1034.00,94.00,10589,11.00,immoscout
498.76,69.33,12157,7.19,immoscout
327.23,29.48,10315,11.10,immoscout
531.49,88.33,10367,6.02,immoscout
1384.74,153.86,10319,9.00,immoscout
376.66,48.29,10369,7.80,immoscout
333.29,43.10,12107,7.73,immoscout
242.24,29.48,10315,8.22,immoscout
473.61,54.88,10315,8.63,immoscout
420.66,52.03,14193,8.08,immoscout
800.00,19.94,10439,40.12,immoscout
830.00,47.65,13347,17.42,immoscout
676.00,68.10,13086,9.93,immoscout
859.00,76.00,12587,11.30,immoscout
995.00,111.00,12487,8.96,immoscout
1809.22,95.98,10557,18.85,immoscout
640.00,70.00,12209,9.14,immoscout
634.12,52.33,13437,12.12,immoscout
528.69,58.91,13437,8.97,immoscout
490.31,58.51,12557,8.38,immoscout
297.07,49.43,12557,6.01,immoscout
333.34,51.68,12557,6.45,immoscout
246.61,35.28,12557,6.99,immoscout
250.24,35.80,12557,6.99,immoscout
245.65,40.27,12557,6.10,immoscout
318.55,52.74,12557,6.04,immoscout
470.00,43.00,10553,10.93,immoscout
850.00,30.14,10178,28.20,immoscout
750.00,53.00,10245,14.15,immoscout
666.00,68.00,12247,9.79,immoscout
1722.00,123.00,13086,14.00,immoscout
1618.54,115.61,10249,14.00,immoscout
2052.76,108.04,10179,19.00,immoscout
479.40,70.00,12109,6.85,immoscout
885.00,98.25,12557,9.01,immoscout
486.76,45.07,10785,10.80,immoscout
842.00,93.50,12557,9.01,immoscout
847.50,75.00,13055,11.30,immoscout
600.00,50.00,13359,12.00,immoscout
580.00,28.00,10624,20.71,immoscout
511.00,37.00,13347,13.81,immoscout
795.00,53.00,13088,15.00,immoscout
1580.00,105.00,13088,15.05,immoscout
1795.00,119.00,13088,15.08,immoscout
1405.00,100.00,13088,14.05,immoscout
1265.00,84.00,13088,15.06,immoscout
1904.00,119.00,13088,16.00,immoscout
1265.00,84.00,13088,15.06,immoscout
1438.00,95.00,13088,15.14,immoscout
1166.00,94.00,12353,12.40,immoscout
960.00,53.00,10963,18.11,immoscout
2168.32,98.56,10119,22.00,immoscout
877.00,46.87,10785,18.71,immoscout
531.72,45.72,12209,11.63,immoscout
1733.40,86.67,10625,20.00,immoscout
950.00,66.00,14197,14.39,immoscout
732.00,79.84,13347,9.17,immoscout
1000.00,98.21,12557,10.18,immoscout
701.37,48.37,12439,14.50,immoscout
1450.00,135.00,12207,10.74,immoscout
500.57,65.18,13125,7.68,immoscout
263.00,34.60,12687,7.60,immoscout
521.00,89.80,12687,5.80,immoscout
457.24,38.79,10245,11.79,immoscout
1190.00,98.00,13409,12.14,immoscout
2850.00,101.00,10629,28.22,immoscout
1160.00,70.00,12587,16.57,immoscout
553.00,55.81,10553,9.91,immoscout
860.00,76.00,13467,11.32,immoscout
1749.00,105.00,10589,16.66,immoscout
604.55,74.36,13125,8.13,immoscout
490.00,68.14,10317,7.19,immoscout
626.00,25.00,10587,25.04,immoscout
460.00,25.55,10587,18.00,immoscout
382.58,53.21,12353,7.19,immoscout
382.58,53.21,12353,7.19,immoscout
550.00,31.00,10435,17.74,immoscout
700.01,59.83,14129,11.70,immoscout
803.40,59.13,12487,13.59,immoscout
255.99,41.49,13403,6.17,immoscout
780.00,40.00,10629,19.50,immoscout
1040.00,42.00,10785,24.76,immoscout
1190.00,50.00,10623,23.80,immoscout
950.00,34.00,10179,27.94,immoscout
426.39,47.69,12689,8.94,immoscout
817.37,77.11,12589,10.60,immoscout
445.00,40.00,12623,11.13,immoscout
1349.00,80.60,13189,16.74,immoscout
525.00,53.00,12203,9.91,immoscout
420.00,39.00,10555,10.77,immoscout
2236.00,86.00,10179,26.00,immoscout
467.30,67.14,12057,6.96,immoscout
858.77,67.62,12527,12.70,immoscout
859.54,67.68,12527,12.70,immoscout
1180.00,97.81,12247,12.06,immoscout
640.46,71.50,13055,8.96,immoscout
600.00,53.41,13187,11.23,immoscout
2850.00,188.00,10827,15.16,immoscout
820.22,50.96,12555,16.10,immoscout
598.00,69.55,13587,8.60,immoscout
1000.00,70.00,10439,14.29,immoscout
666.00,77.42,13587,8.60,immoscout
829.00,92.11,13587,9.00,immoscout
662.00,76.93,13587,8.61,immoscout
1500.00,100.00,13409,15.00,immoscout
850.00,32.00,10713,26.56,immoscout
709.89,55.00,13597,12.91,immoscout
530.00,23.61,10715,22.45,immoscout
1213.00,55.14,12163,22.00,immoscout
1700.00,170.00,13595,10.00,immoscout
649.00,28.81,10585,22.53,immoscout
561.71,59.00,12623,9.52,immoscout
1110.00,63.50,10785,17.48,immoscout
415.00,51.90,10627,8.00,immoscout
887.00,73.88,10437,12.01,immoscout
850.00,61.00,10713,13.93,immoscout
959.00,58.10,13086,16.51,immoscout
1516.62,108.33,13187,14.00,immoscout
1157.00,71.62,10115,16.15,immoscout
1199.52,74.97,10115,16.00,immoscout
1055.52,62.51,10115,16.89,immoscout
1934.76,128.47,10785,15.06,immoscout
3358.63,246.47,10627,13.63,immoscout
1900.00,104.00,10439,18.27,immoscout
1135.00,54.53,10963,20.81,immoscout
368.70,44.93,13355,8.21,immoscout
2064.63,110.00,10117,18.77,immoscout
850.00,42.00,12351,20.24,immoscout
495.00,65.99,13589,7.50,immoscout
1190.00,108.05,13597,11.01,immoscout
1073.00,32.00,10557,33.53,immoscout
1348.00,60.00,10557,22.47,immoscout
1348.00,60.00,10557,22.47,immoscout
730.00,42.00,10629,17.38,immoscout
1458.90,78.00,10623,18.70,immoscout
1697.00,83.00,10557,20.45,immoscout
1650.00,110.00,14057,15.00,immoscout
2200.00,160.00,13507,13.75,immoscout
1697.00,83.00,10557,20.45,immoscout
1073.00,32.00,10557,33.53,immoscout
947.00,30.00,10557,31.57,immoscout
1348.00,60.00,10557,22.47,immoscout
1697.00,83.00,10557,20.45,immoscout
1084.45,94.00,12555,11.54,immoscout
750.00,40.00,10247,18.75,immoscout
1550.00,82.00,10557,18.90,immoscout
1230.00,58.00,10557,21.21,immoscout
1080.00,55.00,10247,19.64,immoscout
1245.00,60.00,10557,20.75,immoscout
515.36,63.39,12587,8.13,immoscout
1547.00,67.00,10179,23.09,immoscout
1498.00,82.00,10557,18.27,immoscout
595.20,49.60,14199,12.00,immoscout
760.00,29.12,12555,26.10,immoscout
3099.00,159.22,14193,19.46,immoscout
682.99,74.40,13125,9.18,immoscout
1300.00,100.00,12555,13.00,immoscout
799.00,36.00,12555,22.19,immoscout
847.00,30.00,12277,28.23,immoscout
2900.00,158.85,14193,18.26,immoscout
999.00,52.00,12277,19.21,immoscout
1291.00,54.61,10317,23.64,immoscout
460.00,19.50,13347,23.59,immoscout
614.00,75.00,13125,8.19,immoscout
1500.00,105.00,10963,14.29,immoscout
2350.00,90.00,10245,26.11,immoscout
2350.00,90.00,10245,26.11,immoscout
2350.00,90.00,10245,26.11,immoscout
1300.00,47.14,10245,27.58,immoscout
1300.00,47.14,10245,27.58,immoscout
1300.00,47.14,10245,27.58,immoscout
746.58,64.72,12359,11.54,immoscout
750.00,65.00,13403,11.54,immoscout
746.58,64.72,12359,11.54,immoscout
325.98,36.22,12687,9.00,immoscout
843.00,62.00,10779,13.60,immoscout
337.66,33.80,12687,9.99,immoscout
755.54,75.63,12687,9.99,immoscout
337.66,33.80,12687,9.99,immoscout
905.28,56.58,13187,16.00,immoscout
349.97,67.43,12689,5.19,immoscout
337.66,33.80,12687,9.99,immoscout
452.88,74.98,12679,6.04,immoscout
482.13,64.37,10627,7.49,immoscout
300.66,41.45,13347,7.25,immoscout
2646.13,139.24,10785,19.00,immoscout
1100.00,91.00,10317,12.09,immoscout
800.00,80.00,14193,10.00,immoscout
930.00,85.00,12357,10.94,immoscout
1000.00,81.00,10115,12.35,immoscout
920.00,98.50,12459,9.34,immoscout
718.00,73.44,12307,9.78,immoscout
1300.00,70.00,10179,18.57,immoscout
620.00,12.00,10557,51.67,immoscout
964.98,66.00,12051,14.62,immoscout
495.00,65.00,14089,7.62,immoscout
1392.00,92.00,12051,15.13,immoscout
930.00,65.00,10707,14.31,immoscout
1232.00,88.00,12459,14.00,immoscout
1498.00,89.00,10439,16.83,immoscout
2350.00,144.00,14193,16.32,immoscout
1057.00,68.22,12051,15.49,immoscout
800.00,16.00,10785,50.00,immoscout
370.00,51.00,13583,7.25,immoscout
993.00,66.21,12051,15.00,immoscout
1280.00,100.00,14165,12.80,immoscout
520.00,60.93,12557,8.53,immoscout
1697.00,83.00,10557,20.45,immoscout
1358.00,58.00,10557,23.41,immoscout
800.00,65.00,12555,12.31,immoscout
1047.00,80.00,14167,13.09,immoscout
365.82,33.50,13585,10.92,immoscout
327.69,30.00,13585,10.92,immoscout
669.00,64.67,13467,10.34,immoscout
894.37,60.64,10315,14.75,immoscout
1650.00,105.00,10318,15.71,immoscout
660.00,42.00,12047,15.71,immoscout
650.00,18.60,13357,34.95,immoscout
1525.00,111.00,12527,13.74,immoscout
1650.00,55.00,10963,30.00,immoscout
960.00,59.00,10115,16.27,immoscout
900.00,82.00,12207,10.98,immoscout
2118.29,108.63,10585,19.50,immoscout
1731.00,94.00,10965,18.41,immoscout
1450.00,47.00,10963,30.85,immoscout
999.00,48.00,10115,20.81,immoscout
1649.70,103.30,13347,15.97,immoscout
1950.00,73.00,10963,26.71,immoscout
1020.00,65.00,12159,15.69,immoscout
1050.00,60.00,10557,17.50,immoscout
950.00,76.50,10779,12.42,immoscout
934.00,50.00,10969,18.68,immoscout
2400.00,145.00,10439,16.55,immoscout
502.05,32.39,10315,15.50,immoscout
1484.00,106.00,12555,14.00,immoscout
1695.00,133.00,14167,12.74,immoscout
1450.00,98.00,10559,14.80,immoscout
960.00,50.00,10179,19.20,immoscout
730.00,73.00,12309,10.00,immoscout
820.00,42.50,10179,19.29,immoscout
950.00,41.00,10243,23.17,immoscout
2750.00,140.00,10623,19.64,immoscout
2130.48,96.84,10439,22.00,immoscout
1370.00,82.00,10179,16.71,immoscout
1500.00,83.67,12053,17.93,immoscout
980.00,58.30,10557,16.81,immoscout
925.00,50.20,10179,18.43,immoscout
4000.00,195.00,10963,20.51,immoscout
485.00,42.50,10318,11.41,immoscout
1272.30,95.70,14193,13.29,immoscout
674.50,61.28,10785,11.01,immoscout
1131.30,65.85,10243,17.18,immoscout
475.50,55.64,10315,8.55,immoscout
1755.00,80.00,10785,21.94,immoscout
1032.00,102.65,13595,10.05,immoscout
1522.08,84.56,10243,18.00,immoscout
1332.00,135.63,14052,9.82,immoscout
1469.00,129.18,10785,11.37,immoscout
1100.00,80.00,10179,13.75,immoscout
1500.00,95.00,13507,15.79,immoscout
1100.00,61.91,14199,17.77,immoscout
1400.00,66.40,10785,21.08,immoscout
400.00,35.00,14195,11.43,immoscout
500.00,59.00,12559,8.47,immoscout
1245.00,60.00,10557,20.75,immoscout
1498.00,82.00,10557,18.27,immoscout
1073.00,32.00,10557,33.53,immoscout
1230.00,58.00,10557,21.21,immoscout
1573.00,67.00,10179,23.48,immoscout
1348.00,60.00,10557,22.47,immoscout
2000.00,210.00,13053,9.52,immoscout
1697.00,83.00,10557,20.45,immoscout
799.00,36.00,12555,22.19,immoscout
847.00,30.00,12277,28.23,immoscout
760.00,29.12,12555,26.10,immoscout
999.00,52.00,12277,19.21,immoscout
1450.00,85.31,10179,17.00,immoscout
1198.00,55.02,10777,21.77,immoscout
2100.00,139.75,13585,15.03,immoscout
521.00,32.00,10245,16.28,immoscout
1291.00,54.61,10317,23.64,immoscout
909.00,82.00,10965,11.09,immoscout
1100.00,72.00,10559,15.28,immoscout
490.00,70.21,13403,6.98,immoscout
2225.00,90.00,10117,24.72,immoscout
3264.00,167.36,10785,19.50,immoscout
2190.00,112.27,10785,19.51,immoscout
3111.00,160.00,10785,19.44,immoscout
952.00,68.00,13189,14.00,immoscout
675.00,32.00,10587,21.09,immoscout
2050.00,108.50,10179,18.89,immoscout
690.00,69.00,14109,10.00,immoscout
695.00,32.00,10557,21.72,immoscout
1200.00,59.00,10629,20.34,immoscout
1800.00,94.00,10785,19.15,immoscout
1188.00,66.00,10407,18.00,immoscout
360.00,36.00,13595,10.00,immoscout
1370.00,70.00,12209,19.57,immoscout
1050.00,80.00,13505,13.13,immoscout
338.33,41.00,12057,8.25,immoscout
580.05,101.00,13595,5.74,immoscout
1045.00,62.00,10243,16.85,immoscout
361.92,60.00,13589,6.03,immoscout
668.22,86.00,13435,7.77,immoscout
2717.13,194.00,10707,14.01,immoscout
1340.00,120.00,13156,11.17,immoscout
520.00,39.40,13583,13.20,immoscout
698.00,38.78,13086,18.00,immoscout
1100.00,86.98,13583,12.65,immoscout
1150.00,122.00,12277,9.43,immoscout
1625.00,137.31,12055,11.83,immoscout
1787.00,119.00,10178,15.02,immoscout
751.48,71.57,12555,10.50,immoscout
1148.96,71.81,13187,16.00,immoscout
1400.00,85.00,10317,16.47,immoscout
650.00,25.00,13089,26.00,immoscout
1600.00,105.00,10707,15.24,immoscout
1695.00,98.00,13355,17.30,immoscout
2148.00,143.13,10551,15.01,immoscout
1580.00,96.12,10115,16.44,immoscout
2190.00,98.00,10119,22.35,immoscout
780.30,45.00,12555,17.34,immoscout
969.60,64.64,10585,15.00,immoscout
427.00,50.26,12555,8.50,immoscout
999.00,54.00,10555,18.50,immoscout
2312.00,136.00,10777,17.00,immoscout
1484.00,53.00,10777,28.00,immoscout
252.81,48.50,13055,5.21,immoscout
4790.00,171.80,10777,27.88,immoscout
459.90,82.50,13053,5.57,immoscout
951.76,91.00,13055,10.46,immoscout
358.83,57.00,13055,6.30,immoscout
304.05,50.50,13051,6.02,immoscout
294.03,48.50,13055,6.06,immoscout
975.00,84.30,12559,11.57,immoscout
1422.00,149.00,13439,9.54,immoscout
577.03,58.00,13587,9.95,immoscout
649.00,48.43,12051,13.40,immoscout
1029.00,77.48,12107,13.28,immoscout
689.00,56.36,13127,12.22,immoscout
1309.66,59.53,10115,22.00,immoscout
2274.98,71.09,10115,32.00,immoscout
1577.34,68.58,10115,23.00,immoscout
1020.00,67.00,13086,15.22,immoscout
2091.94,65.37,10115,32.00,immoscout
1577.34,68.58,10115,23.00,immoscout
1605.82,50.18,10115,32.00,immoscout
1664.00,104.10,10245,15.98,immoscout
882.34,97.00,13129,9.10,immoscout
850.00,62.69,12683,13.56,immoscout
400.00,38.88,12357,10.29,immoscout
1027.86,70.62,10117,14.55,immoscout
1000.00,70.00,12167,14.29,immoscout
1509.98,110.91,10117,13.61,immoscout
1514.49,114.80,10117,13.19,immoscout
1068.00,89.00,12555,12.00,immoscout
960.00,46.00,10969,20.87,immoscout
2140.00,130.55,12524,16.39,immoscout
790.00,33.00,14199,23.94,immoscout
2354.00,204.00,10711,11.54,immoscout
1590.00,52.25,10789,30.43,immoscout
1270.00,95.57,13158,13.29,immoscout
655.97,96.00,13405,6.83,immoscout
830.00,65.30,13158,12.71,immoscout
276.91,37.00,12057,7.48,immoscout
700.00,46.00,14059,15.22,immoscout
880.00,44.00,14199,20.00,immoscout
523.23,54.61,12349,9.58,immoscout
414.86,51.00,10585,8.13,immoscout
974.30,101.57,13507,9.59,immoscout
4200.00,116.00,10623,36.21,immoscout
770.00,56.57,13158,13.61,immoscout
1130.00,76.46,13158,14.78,immoscout
1130.00,85.32,13158,13.24,immoscout
990.00,55.00,10245,18.00,immoscout
1640.00,122.91,13158,13.34,immoscout
1670.00,122.92,13158,13.59,immoscout
540.00,36.68,10318,14.72,immoscout
580.00,39.58,10318,14.65,immoscout
1700.00,150.00,13507,11.33,immoscout
490.00,39.00,10551,12.56,immoscout
1590.00,98.00,10785,16.22,immoscout
999.00,27.75,13407,36.00,immoscout
692.00,44.00,14050,15.73,immoscout
990.00,53.36,10437,18.55,immoscout
509.75,51.49,12619,9.90,immoscout
1347.00,110.00,12524,12.25,immoscout
1655.80,116.00,12051,14.27,immoscout
1275.00,155.32,13465,8.21,immoscout
1400.00,81.12,14199,17.26,immoscout
473.48,68.00,13351,6.96,immoscout
587.38,64.00,12207,9.18,immoscout
850.00,48.74,13595,17.44,immoscout
1550.00,100.47,10585,15.43,immoscout
730.00,63.00,12555,11.59,immoscout
1050.00,70.00,10115,15.00,immoscout
1389.24,81.72,10245,17.00,immoscout
3229.92,169.82,10117,19.02,immoscout
498.90,83.00,12351,6.01,immoscout
1772.51,89.62,10117,19.78,immoscout
599.00,50.23,10551,11.93,immoscout
326.52,48.00,13409,6.80,immoscout
1390.00,45.00,10117,30.89,immoscout
454.66,57.00,14109,7.98,immoscout
11548.80,294.99,10117,39.15,immoscout
945.00,65.00,12439,14.54,immoscout
920.92,64.97,13187,14.17,immoscout
1169.87,63.49,10557,18.43,immoscout
1213.27,65.76,10557,18.45,immoscout
1518.50,85.07,10557,17.85,immoscout
459.56,66.00,13629,6.96,immoscout
1095.33,62.95,10557,17.40,immoscout
1180.29,65.03,10557,18.15,immoscout
714.51,32.83,12049,21.76,immoscout
1308.40,130.84,12557,10.00,immoscout
980.00,55.00,12435,17.82,immoscout
1670.00,151.00,12557,11.06,immoscout
700.00,43.73,12107,16.01,immoscout
1650.00,130.31,12107,12.66,immoscout
1150.00,76.51,12107,15.03,immoscout
580.00,36.14,12107,16.05,immoscout
825.00,51.58,12107,15.99,immoscout
1100.00,70.00,12043,15.71,immoscout
1550.00,117.50,12487,13.19,immoscout
950.00,50.00,10179,19.00,immoscout
1507.63,100.00,14050,15.08,immoscout
1200.00,65.41,13595,18.35,immoscout
1340.00,65.00,10439,20.62,immoscout
354.51,49.00,14193,7.23,immoscout
328.54,41.00,14055,8.01,immoscout
2200.00,136.16,10963,16.16,immoscout
1500.00,79.00,14052,18.99,immoscout
485.00,48.37,13629,10.03,immoscout
2570.00,117.00,14195,21.97,immoscout
1060.00,70.00,12589,15.14,immoscout
1040.00,78.91,13156,13.18,immoscout
3500.00,150.00,10785,23.33,immoscout
1300.00,73.81,13595,17.61,immoscout
520.31,74.33,12629,7.00,immoscout
399.02,53.00,13409,7.53,immoscout
380.00,47.50,12629,8.00,immoscout
404.37,54.00,13409,7.49,immoscout
940.00,70.12,14167,13.41,immoscout
480.00,27.00,12487,17.78,immoscout
734.75,92.90,12309,7.91,immoscout
1650.00,93.00,10785,17.74,immoscout
852.50,77.50,10439,11.00,immoscout
479.07,58.38,12309,8.21,immoscout
1570.80,68.63,10117,22.89,immoscout
644.48,80.59,12309,8.00,immoscout
1100.00,50.00,12435,22.00,immoscout
1400.00,65.00,12435,21.54,immoscout
653.27,81.69,12309,8.00,immoscout
481.00,53.47,12527,9.00,immoscout
1445.47,168.00,12459,8.60,immoscout
620.00,25.63,10243,24.19,immoscout
1579.45,133.40,12161,11.84,immoscout
835.00,37.24,10243,22.42,immoscout
970.00,42.35,10243,22.90,immoscout
710.00,28.76,10243,24.69,immoscout
480.00,30.00,13359,16.00,immoscout
900.00,45.00,10551,20.00,immoscout
1655.00,159.20,12161,10.40,immoscout
304.15,35.00,12107,8.69,immoscout
1470.00,86.00,10785,17.09,immoscout
1500.00,102.00,12167,14.71,immoscout
262.04,31.89,14193,8.22,immoscout
740.43,91.83,10717,8.06,immoscout
1900.00,130.00,12435,14.62,immoscout
395.02,36.03,12683,10.96,immoscout
1600.00,65.00,10789,24.62,immoscout
1250.00,68.50,10179,18.25,immoscout
684.97,84.88,14055,8.07,immoscout
864.60,116.10,12105,7.45,immoscout
2100.00,129.00,10551,16.28,immoscout
1666.68,89.80,13187,18.56,immoscout
454.91,60.98,12109,7.46,immoscout
367.98,38.03,12683,9.68,immoscout
585.00,37.13,13347,15.76,immoscout
344.19,56.61,13349,6.08,immoscout
455.00,35.00,13507,13.00,immoscout
356.80,43.00,12309,8.30,immoscout
750.00,27.00,10179,27.78,immoscout
353.35,43.00,12309,8.22,immoscout
768.12,97.00,12309,7.92,immoscout
338.67,30.39,12353,11.14,immoscout
407.46,37.55,10997,10.85,immoscout
849.00,94.39,13127,8.99,immoscout
629.00,68.99,12627,9.12,immoscout
749.22,55.09,13597,13.60,immoscout
590.00,24.45,13347,24.13,immoscout
765.00,34.00,10243,22.50,immoscout
790.00,87.51,10551,9.03,immoscout
297.00,40.00,13357,7.43,immoscout
957.02,139.00,13407,6.89,immoscout
1300.00,50.00,10437,26.00,immoscout
489.82,59.00,13403,8.30,immoscout
1450.00,101.00,12163,14.36,immoscout
1682.65,111.73,10117,15.06,immoscout
2001.02,132.87,10117,15.06,immoscout
2197.40,145.91,10785,15.06,immoscout
1350.00,82.00,10249,16.46,immoscout
1664.00,131.67,10179,12.64,immoscout
1150.00,58.00,10249,19.83,immoscout
1998.00,118.30,13189,16.89,immoscout
3900.00,254.00,10623,15.35,immoscout
1218.00,70.20,13189,17.35,immoscout
620.00,45.00,14193,13.78,immoscout
1073.00,63.13,10779,17.00,immoscout
1374.00,79.10,13189,17.37,immoscout
1856.00,106.07,14050,17.50,immoscout
900.00,60.20,12157,14.95,immoscout
1250.00,60.81,12157,20.56,immoscout
1140.00,82.82,12207,13.76,immoscout
1785.00,119.00,10587,15.00,immoscout
1375.00,83.00,10707,16.57,immoscout
660.00,10.00,10557,66.00,immoscout
2000.00,141.58,10437,14.13,immoscout
1888.00,118.00,10629,16.00,immoscout
1980.00,162.50,10117,12.18,immoscout
1625.00,109.72,10781,14.81,immoscout
488.00,25.00,13089,19.52,immoscout
1160.00,97.00,10589,11.96,immoscout
3704.63,419.55,14059,8.83,immoscout
1420.00,142.00,14109,10.00,immoscout
767.00,29.00,10965,26.45,immoscout
1332.00,94.68,10318,14.07,immoscout
460.00,23.09,10178,19.92,immoscout
980.00,52.15,10625,18.79,immoscout
850.00,50.00,10317,17.00,immoscout
4790.00,172.00,10777,27.85,immoscout
1203.05,71.61,10587,16.80,immoscout
945.00,74.68,13127,12.65,immoscout
915.00,71.63,13127,12.77,immoscout
826.00,49.37,10247,16.73,immoscout
470.00,19.50,13347,24.10,immoscout
2783.00,167.00,14193,16.66,immoscout
1600.00,96.00,12043,16.67,immoscout
272.53,41.34,12103,6.59,immoscout
1303.75,87.50,10585,14.90,immoscout
1347.00,94.68,10318,14.23,immoscout
999.00,84.55,13507,11.82,immoscout
609.00,43.90,13507,13.87,immoscout
705.50,76.60,14199,9.21,immoscout
834.00,79.00,15732,10.56,immoscout
850.00,55.00,13585,15.45,immoscout
900.00,64.00,12209,14.06,immoscout
595.00,25.90,10715,22.97,immoscout
1120.00,53.23,10179,21.04,immoscout
690.00,71.20,10713,9.69,immoscout
2635.00,119.80,10179,21.99,immoscout
1500.24,98.70,10115,15.20,immoscout
1670.00,89.00,10717,18.76,immoscout
1150.00,59.00,14199,19.49,immoscout
1270.00,64.00,10119,19.84,immoscout
371.67,57.18,12627,6.50,immoscout
287.89,44.29,12627,6.50,immoscout
1105.00,34.87,10629,31.69,immoscout
1105.00,38.36,10629,28.81,immoscout
611.53,66.58,12555,9.18,immoscout
1105.00,39.40,10629,28.05,immoscout
1105.00,36.75,10629,30.07,immoscout
870.00,25.85,10629,33.66,immoscout
870.00,23.62,10629,36.83,immoscout
1670.00,89.00,10717,18.76,immoscout
939.00,67.95,12489,13.82,immoscout
568.48,25.68,10315,22.14,immoscout
841.19,43.10,10315,19.52,immoscout
1600.00,139.00,10559,11.51,immoscout
1033.35,46.97,10315,22.00,immoscout
4650.00,218.00,10115,21.33,immoscout
578.00,41.44,10318,13.95,immoscout
944.63,58.60,12459,16.12,immoscout
1588.48,99.28,10245,16.00,immoscout
581.00,41.54,10318,13.99,immoscout
592.00,42.92,10318,13.79,immoscout
660.00,10.00,10557,66.00,immoscout
1800.00,104.00,10179,17.31,immoscout
1100.00,61.00,10785,18.03,immoscout
751.60,37.58,10243,20.00,immoscout
1350.00,67.50,10179,20.00,immoscout
599.00,43.44,10318,13.79,immoscout
560.00,60.00,13129,9.33,immoscout
670.00,35.00,10315,19.14,immoscout
372.63,49.29,13597,7.56,immoscout
895.68,111.96,12207,8.00,immoscout
1250.00,78.00,10785,16.03,immoscout
2500.00,110.00,10117,22.73,immoscout
1000.00,55.00,10435,18.18,immoscout
1388.00,69.39,10711,20.00,immoscout
715.19,79.80,12559,8.96,immoscout
950.00,43.00,10117,22.09,immoscout
391.33,57.38,12459,6.82,immoscout
1400.00,78.00,14193,17.95,immoscout
1524.00,88.25,14199,17.27,immoscout
1800.00,94.47,10711,19.05,immoscout
963.00,98.00,13507,9.83,immoscout
1650.00,105.00,10589,15.71,immoscout
1800.00,116.00,14057,15.52,immoscout
650.00,68.00,12527,9.56,immoscout
1173.00,56.00,10785,20.95,immoscout
482.78,59.15,12439,8.16,immoscout
2000.00,88.00,10627,22.73,immoscout
1250.00,61.26,10179,20.40,immoscout
1715.05,130.83,10439,13.11,immoscout
753.06,69.00,12555,10.91,immoscout
755.00,35.00,10789,21.57,immoscout
2250.00,90.87,10785,24.76,immoscout
1417.67,101.24,12205,14.00,immoscout
799.00,68.14,12437,11.73,immoscout
1399.00,103.77,12107,13.48,immoscout
250.00,20.00,12623,12.50,immoscout
550.00,53.00,12623,10.38,immoscout
2151.66,153.69,13187,14.00,immoscout
1580.00,120.00,12487,13.17,immoscout
375.10,37.51,10318,10.00,immoscout
1632.00,91.80,10117,17.78,immoscout
780.00,17.00,10557,45.88,immoscout
2187.00,96.00,10825,22.78,immoscout
690.00,13.00,10969,53.08,immoscout
1215.00,59.00,10785,20.59,immoscout
620.00,8.00,10557,77.50,immoscout
1500.00,84.00,14059,17.86,immoscout
650.00,42.00,13591,15.48,immoscout
1526.00,80.00,10785,19.08,immoscout
1080.00,80.00,12207,13.50,immoscout
2617.35,174.49,10178,15.00,immoscout
1334.00,46.00,10707,29.00,immoscout
1180.00,61.37,14199,19.23,immoscout
1040.00,57.33,14199,18.14,immoscout
1500.00,98.15,14199,15.28,immoscout
1390.00,88.41,14199,15.72,immoscout
1460.00,85.37,14199,17.10,immoscout
990.00,57.31,14199,17.27,immoscout
1030.00,65.96,14199,15.62,immoscout
1370.00,81.12,14199,16.89,immoscout
1600.00,96.30,14199,16.61,immoscout
1400.00,89.21,14199,15.69,immoscout
1820.00,112.23,12163,16.22,immoscout
600.00,44.00,10589,13.64,immoscout
780.00,14.00,10115,55.71,immoscout
700.00,15.00,10557,46.67,immoscout
1582.67,87.00,14199,18.19,immoscout
780.00,18.00,10557,43.33,immoscout
799.00,62.30,12459,12.83,immoscout
500.00,40.00,13585,12.50,immoscout
1490.00,50.00,12163,29.80,immoscout
2000.00,147.00,14059,13.61,immoscout
1656.63,108.56,13347,15.26,immoscout
950.00,95.00,12689,10.00,immoscout
805.37,86.32,13189,9.33,immoscout
838.77,89.90,13189,9.33,immoscout
851.64,91.28,13189,9.33,immoscout
805.18,86.30,13189,9.33,immoscout
827.94,88.74,13189,9.33,immoscout
1050.00,110.00,12487,9.55,immoscout
1807.00,120.41,12043,15.01,immoscout
3704.63,419.55,14059,8.83,immoscout
2148.00,143.13,10551,15.01,immoscout
1606.56,100.41,10247,16.00,immoscout
1422.82,57.78,10117,24.62,immoscout
626.40,58.00,14059,10.80,immoscout
1245.00,83.00,13156,15.00,immoscout
499.00,37.17,10315,13.42,immoscout
699.00,70.68,13057,9.89,immoscout
800.00,32.00,10789,25.00,immoscout
780.00,20.00,10115,39.00,immoscout
950.00,46.00,10777,20.65,immoscout
1050.00,40.00,10585,26.25,immoscout
995.80,76.60,10247,13.00,immoscout
1153.98,64.11,10117,18.00,immoscout
2729.54,143.66,10439,19.00,immoscout
999.00,50.00,10719,19.98,immoscout
4962.24,270.25,10117,18.36,immoscout
1950.00,154.60,14057,12.61,immoscout
3405.94,179.26,10439,19.00,immoscout
1811.27,95.33,10439,19.00,immoscout
2105.00,87.70,10197,24.00,immoscout
780.00,20.00,10115,39.00,immoscout
2250.00,124.90,10707,18.01,immoscout
750.00,28.00,10625,26.79,immoscout
1300.00,121.00,13156,10.74,immoscout
2400.00,173.00,10179,13.87,immoscout
1280.00,53.00,10197,24.15,immoscout
3320.00,207.00,10969,16.04,immoscout
1250.00,57.00,10115,21.93,immoscout
2650.00,106.00,10707,25.00,immoscout
1249.92,55.80,10827,22.40,immoscout
1327.50,106.00,12555,12.52,immoscout
1083.48,90.00,12555,12.04,immoscout
3075.15,161.85,10439,19.00,immoscout
995.00,13.80,10115,72.10,immoscout
1600.00,97.00,10785,16.49,immoscout
875.89,69.46,12555,12.61,immoscout
275.02,37.90,13595,7.26,immoscout
2950.00,252.00,10965,11.71,immoscout
1790.00,92.00,10179,19.46,immoscout
795.94,46.82,13156,17.00,immoscout
1800.00,94.00,10117,19.15,immoscout
2995.00,168.23,10435,17.80,immoscout
1950.00,100.00,10245,19.50,immoscout
2650.00,134.00,10969,19.78,immoscout
988.00,54.00,14199,18.30,immoscout
1024.00,64.00,10115,16.00,immoscout
950.00,26.90,10711,35.32,immoscout
713.83,54.91,10245,13.00,immoscout
1340.68,121.88,10247,11.00,immoscout
1277.00,70.00,10179,18.24,immoscout
371.67,61.00,13055,6.09,immoscout
740.00,16.00,10557,46.25,immoscout
1636.65,109.11,10245,15.00,immoscout
449.00,35.69,12627,12.58,immoscout
629.00,68.00,12629,9.25,immoscout
699.00,57.84,13127,12.09,immoscout
569.00,53.98,12627,10.54,immoscout
599.00,45.84,13127,13.07,immoscout
949.00,75.31,13055,12.60,immoscout
459.00,35.69,12627,12.86,immoscout
718.00,72.27,10317,9.93,immoscout
1126.59,62.42,10179,18.05,immoscout
1246.17,69.04,10179,18.05,immoscout
850.00,62.69,12683,13.56,immoscout
990.00,90.70,13579,10.92,immoscout
607.73,69.06,12353,8.80,immoscout
800.00,45.00,10707,17.78,immoscout
1260.00,51.00,10119,24.71,immoscout
992.25,66.15,12459,15.00,immoscout
550.00,46.00,14052,11.96,immoscout
1120.00,68.00,10965,16.47,immoscout
960.05,66.21,12051,14.50,immoscout
560.00,16.00,10627,35.00,immoscout
780.00,42.00,10629,18.57,immoscout
610.00,18.00,13053,33.89,immoscout
590.12,72.30,12559,8.16,immoscout
950.00,120.00,10555,7.92,immoscout
1567.36,111.93,12459,14.00,immoscout
800.00,24.00,10785,33.33,immoscout
824.00,74.88,10409,11.00,immoscout
507.24,53.79,10315,9.43,immoscout
879.00,77.22,13127,11.38,immoscout
699.00,61.87,13125,11.30,immoscout
710.00,37.00,10585,19.19,immoscout
998.00,49.00,12347,20.37,immoscout
1700.00,114.00,14059,14.91,immoscout
1900.00,95.00,10405,20.00,immoscout
1100.00,53.00,10119,20.75,immoscout
1900.00,142.00,10179,13.38,immoscout
722.88,57.83,13125,12.50,immoscout
1066.97,69.97,10315,15.25,immoscout
905.38,62.44,10315,14.50,immoscout
2050.00,132.14,10711,15.51,immoscout
1420.00,88.58,10711,16.03,immoscout
1595.00,82.75,10179,19.27,immoscout
1870.00,118.37,10711,15.80,immoscout
740.00,12.00,10115,61.67,immoscout
430.00,30.00,13357,14.33,immoscout
1507.75,81.50,10777,18.50,immoscout
1700.00,115.00,10711,14.78,immoscout
2035.00,146.00,10179,13.94,immoscout
1710.00,116.00,10711,14.74,immoscout
2215.00,119.00,10963,18.61,immoscout
1800.00,91.77,10557,19.61,immoscout
1760.00,59.00,10245,29.83,immoscout
1290.00,54.00,10178,23.89,immoscout
1250.00,75.00,10365,16.67,immoscout
795.00,76.00,13465,10.46,immoscout
1920.00,150.00,14109,12.80,immoscout
555.88,56.32,12527,9.87,immoscout
600.00,33.00,12589,18.18,immoscout
640.00,8.00,10557,80.00,immoscout
507.00,39.00,12555,13.00,immoscout
1830.00,168.00,14199,10.89,immoscout
1650.00,65.00,10585,25.38,immoscout
1100.00,55.00,10439,20.00,immoscout
2300.00,150.00,10709,15.33,immoscout
1531.62,84.62,10557,18.10,immoscout
841.19,43.10,10315,19.52,immoscout
1860.90,96.67,10557,19.25,immoscout
805.00,38.00,10247,21.18,immoscout
1282.85,72.02,10557,17.81,immoscout
568.48,25.68,10315,22.14,immoscout
1126.60,65.31,10557,17.25,immoscout
1226.91,66.68,10557,18.40,immoscout
1214.57,66.37,10557,18.30,immoscout
439.47,49.94,13509,8.80,immoscout
1168.22,63.49,10557,18.40,immoscout
1290.00,76.00,10179,16.97,immoscout
800.00,31.00,10709,25.81,immoscout
740.00,12.00,10115,61.67,immoscout
2100.00,54.00,10249,38.89,immoscout
1750.00,50.00,10119,35.00,immoscout
789.00,43.00,14199,18.35,immoscout
1305.00,90.50,14059,14.42,immoscout
600.00,56.00,13467,10.71,immoscout
2517.12,139.84,10115,18.00,immoscout
1680.00,139.07,13156,12.08,immoscout
820.35,54.69,12459,15.00,immoscout
649.65,101.57,12459,6.40,immoscout
405.03,58.02,10249,6.98,immoscout
1500.00,80.00,10179,18.75,immoscout
881.40,63.41,10247,13.90,immoscout
800.00,74.00,10409,10.81,immoscout
904.47,36.60,10115,24.71,immoscout
1599.00,165.10,12489,9.69,immoscout
1121.71,117.58,13129,9.54,immoscout
1205.56,68.26,10115,17.66,immoscout
777.49,32.56,10119,23.88,immoscout
411.34,65.71,12353,6.26,immoscout
1207.00,68.90,13189,17.52,immoscout
1497.00,80.60,13189,18.57,immoscout
1192.00,68.70,13189,17.35,immoscout
700.00,16.00,10557,43.75,immoscout
900.00,34.14,10179,26.36,immoscout
1900.00,100.50,10777,18.91,immoscout
730.20,73.00,13409,10.00,immoscout
1283.00,102.63,13156,12.50,immoscout
403.81,18.41,12459,21.93,immoscout
450.27,17.46,12459,25.79,immoscout
2100.00,160.00,10559,13.13,immoscout
457.56,19.33,12459,23.67,immoscout
421.37,21.71,12459,19.41,immoscout
1050.00,44.00,12043,23.86,immoscout
500.00,25.00,10713,20.00,immoscout
3500.00,170.00,10709,20.59,immoscout
2150.00,148.00,10589,14.53,immoscout
1075.00,73.06,10318,14.71,immoscout
800.00,62.00,13407,12.90,immoscout
1300.00,98.00,12347,13.27,immoscout
1023.00,62.00,10247,16.50,immoscout
2000.00,118.40,14199,16.89,immoscout
630.00,36.06,12349,17.47,immoscout
1306.91,121.01,10963,10.80,immoscout
2480.00,184.00,12161,13.48,immoscout
950.00,75.00,14089,12.67,immoscout
981.00,65.40,13158,15.00,immoscout
834.37,63.21,12527,13.20,immoscout
569.00,69.00,12309,8.25,immoscout
1200.00,62.00,10707,19.35,immoscout
579.00,73.08,12629,7.92,immoscout
675.00,46.53,12439,14.51,immoscout
890.00,22.00,10245,40.45,immoscout
700.00,15.00,10557,46.67,immoscout
2460.70,117.00,10707,21.03,immoscout
1467.23,94.66,12435,15.50,immoscout
605.00,42.45,12555,14.25,immoscout
670.00,46.82,12555,14.31,immoscout
695.00,43.21,12555,16.08,immoscout
1150.00,82.16,12555,14.00,immoscout
900.00,60.45,12555,14.89,immoscout
1550.00,120.29,12555,12.89,immoscout
750.00,48.59,12555,15.44,immoscout
516.99,45.63,10318,11.33,immoscout
601.00,55.30,10318,10.87,immoscout
291.25,44.44,13359,6.55,immoscout
1146.20,53.11,10117,21.58,immoscout
2170.74,110.19,10717,19.70,immoscout
1386.00,99.80,10585,13.89,immoscout
380.00,20.00,10713,19.00,immoscout
1069.00,84.14,13055,12.71,immoscout
590.00,25.00,10178,23.60,immoscout
1440.00,110.00,13503,13.09,immoscout
1497.00,68.02,10625,22.01,immoscout
604.27,81.99,13359,7.37,immoscout
417.00,70.55,13125,5.91,immoscout
542.52,49.32,13409,11.00,immoscout
1686.66,120.45,12205,14.00,immoscout
1000.00,67.60,10557,14.79,immoscout
975.00,62.75,10557,15.54,immoscout
1325.00,80.83,10557,16.39,immoscout
975.00,62.75,10557,15.54,immoscout
780.00,21.00,10557,37.14,immoscout
780.00,17.00,10557,45.88,immoscout
1209.52,119.00,12305,10.16,immoscout
550.00,30.00,10713,18.33,immoscout
1453.20,103.80,10553,14.00,immoscout
1274.40,110.40,13347,11.54,immoscout
800.00,24.00,10785,33.33,immoscout
1500.00,80.00,10179,18.75,immoscout
11500.00,385.00,10707,29.87,immoscout
644.11,19.07,10179,33.78,immoscout
343.07,47.19,13627,7.27,immoscout
283.42,38.03,14059,7.45,immoscout
682.45,31.89,12555,21.40,immoscout
596.96,29.12,12555,20.50,immoscout
3250.00,170.00,10439,19.12,immoscout
381.07,54.13,13409,7.04,immoscout
284.53,44.52,13409,6.39,immoscout
1894.00,124.00,10409,15.27,immoscout
797.00,51.39,12167,15.51,immoscout
2399.00,170.20,14167,14.10,immoscout
1996.00,126.78,10557,15.74,immoscout
2200.00,135.00,10117,16.30,immoscout
2040.00,120.00,14057,17.00,immoscout
2040.00,120.00,14057,17.00,immoscout
2040.00,120.00,14057,17.00,immoscout
3459.52,182.00,10439,19.01,immoscout
540.00,24.19,10715,22.32,immoscout
3185.54,168.00,10439,18.96,immoscout
690.00,53.24,13053,12.96,immoscout
685.00,50.74,13053,13.50,immoscout
705.00,60.83,13053,11.59,immoscout
8900.00,462.00,10117,19.26,immoscout
520.27,59.00,13583,8.82,immoscout
717.97,63.99,12489,11.22,immoscout
1100.00,69.00,12167,15.94,immoscout
841.19,43.10,10315,19.52,immoscout
1033.35,46.97,10315,22.00,immoscout
465.44,57.00,12057,8.17,immoscout
568.48,25.68,10315,22.14,immoscout
1970.00,109.00,10439,18.07,immoscout
1692.00,144.00,10707,11.75,immoscout
1011.86,95.10,12309,10.64,immoscout
1820.00,82.77,10405,21.99,immoscout
1985.00,96.54,10707,20.56,immoscout
2285.00,128.00,10707,17.85,immoscout
1315.00,62.28,10707,21.11,immoscout
1315.00,61.17,10707,21.50,immoscout
1475.00,75.46,10707,19.55,immoscout
1260.00,68.00,10437,18.53,immoscout
1717.00,85.00,12163,20.20,immoscout
640.00,14.00,10557,45.71,immoscout
1074.00,138.58,14129,7.75,immoscout
1799.00,106.70,14193,16.86,immoscout
1640.45,92.16,10587,17.80,immoscout
1205.00,50.23,10179,23.99,immoscout
1512.55,179.00,14193,8.45,immoscout
893.00,76.00,10781,11.75,immoscout
1800.00,63.00,10117,28.57,immoscout
1552.00,88.64,12059,17.51,immoscout
659.00,54.82,12103,12.02,immoscout
1500.00,76.00,10707,19.74,immoscout
500.00,25.00,10713,20.00,immoscout
350.00,25.00,12559,14.00,immoscout
669.00,70.74,13057,9.46,immoscout
549.00,56.95,12627,9.64,immoscout
1200.00,48.00,10245,25.00,immoscout
1849.40,132.00,10119,14.01,immoscout
1450.00,51.59,10785,28.11,immoscout
2564.00,172.00,14050,14.91,immoscout
2104.00,135.76,14199,15.50,immoscout
950.00,75.45,12587,12.59,immoscout
1200.00,98.00,13355,12.24,immoscout
1950.00,85.00,10115,22.94,immoscout
754.81,75.99,12555,9.93,immoscout
1300.00,68.00,14199,19.12,immoscout
1766.00,150.00,10715,11.77,immoscout
910.41,30.21,12103,30.14,immoscout
769.17,27.36,12103,28.11,immoscout
2250.00,134.00,10409,16.79,immoscout
1140.00,40.00,10117,28.50,immoscout
730.19,53.26,13409,13.71,immoscout
3462.00,195.00,14193,17.75,immoscout
950.00,29.37,10625,32.35,immoscout
3500.00,200.00,10247,17.50,immoscout
1680.00,77.00,10439,21.82,immoscout
488.74,69.82,12629,7.00,immoscout
1235.00,65.00,10717,19.00,immoscout
1784.00,197.80,14089,9.02,immoscout
1450.00,77.00,10117,18.83,immoscout
1299.00,117.99,10247,11.01,immoscout
1750.00,175.40,12527,9.98,immoscout
750.00,77.00,13403,9.74,immoscout
886.90,105.71,13595,8.39,immoscout
383.18,51.09,12629,7.50,immoscout
695.89,56.12,12524,12.40,immoscout
1125.43,64.68,10557,17.40,immoscout
1121.01,65.71,10557,17.06,immoscout
1152.53,63.50,10557,18.15,immoscout
1776.53,118.44,10315,15.00,immoscout
1107.76,68.17,10315,16.25,immoscout
4950.00,201.00,10179,24.63,immoscout
720.00,32.00,10115,22.50,immoscout
680.00,14.00,10557,48.57,immoscout
449.00,34.38,12627,13.06,immoscout
375.00,38.00,13629,9.87,immoscout
12000.00,364.63,14195,32.91,immoscout
2300.00,105.00,10707,21.90,immoscout
1213.09,65.75,10557,18.45,immoscout
690.00,46.00,12163,15.00,immoscout
850.00,59.10,12555,14.38,immoscout
1049.00,81.91,13055,12.81,immoscout
1049.00,81.44,13055,12.88,immoscout
1270.00,45.00,10407,28.22,immoscout
1380.00,62.85,10707,21.96,immoscout
850.00,38.00,14193,22.37,immoscout
608.00,76.00,13435,8.00,immoscout
2227.50,165.00,10367,13.50,immoscout
1990.00,115.50,10707,17.23,immoscout
1350.00,90.00,10719,15.00,immoscout
730.00,23.00,12157,31.74,immoscout
668.00,30.00,13347,22.27,immoscout
1300.00,50.00,10405,26.00,immoscout
1160.00,97.90,13507,11.85,immoscout
1200.00,85.00,10243,14.12,immoscout
1386.45,85.32,10315,16.25,immoscout
845.54,50.33,10315,16.80,immoscout
1197.87,73.72,10315,16.25,immoscout
450.00,23.00,12459,19.57,immoscout
700.00,31.00,10245,22.58,immoscout
700.00,31.00,10245,22.58,immoscout
900.00,56.00,10243,16.07,immoscout
1808.80,90.44,10245,20.00,immoscout
1291.59,66.40,12435,19.45,immoscout
1092.00,84.00,14089,13.00,immoscout
936.00,52.00,10711,18.00,immoscout
930.00,68.58,10783,13.56,immoscout
565.00,22.35,10715,25.28,immoscout
334.22,41.57,13585,8.04,immoscout
338.32,42.08,13585,8.04,immoscout
316.05,39.31,13585,8.04,immoscout
856.11,68.14,12527,12.56,immoscout
1171.97,65.40,10557,17.92,immoscout
1970.00,127.00,10179,15.51,immoscout
1850.00,107.00,10117,17.29,immoscout
1623.27,98.38,10963,16.50,immoscout
2750.00,168.86,10969,16.29,immoscout
2480.00,127.00,10967,19.53,immoscout
2650.00,141.75,10435,18.69,immoscout
1395.00,86.26,10407,16.17,immoscout
1275.00,72.83,12059,17.51,immoscout
1850.00,103.27,10711,17.91,immoscout
1053.00,105.76,12557,9.96,immoscout
1200.00,107.00,13581,11.21,immoscout
613.73,58.89,12203,10.42,immoscout
1911.42,136.53,10963,14.00,immoscout
839.50,55.67,10369,15.08,immoscout
770.00,65.36,12589,11.78,immoscout
500.00,56.80,13156,8.80,immoscout
676.00,76.20,12487,8.87,immoscout
758.00,73.67,10409,10.29,immoscout
1732.20,115.48,10585,15.00,immoscout
540.05,83.60,13581,6.46,immoscout
995.00,96.39,13581,10.32,immoscout
740.00,17.00,10557,43.53,immoscout
1890.00,135.00,12207,14.00,immoscout
1650.00,109.42,12163,15.08,immoscout
1393.44,108.27,13507,12.87,immoscout
1100.00,61.76,12053,17.81,immoscout
3050.00,125.54,10117,24.30,immoscout
1899.00,96.60,10711,19.66,immoscout
1559.00,115.48,10785,13.50,immoscout
947.00,86.07,13409,11.00,immoscout
1050.00,65.01,10711,16.15,immoscout
1170.00,78.00,12524,15.00,immoscout
840.00,22.00,10245,38.18,immoscout
1277.86,99.29,13507,12.87,immoscout
900.00,71.34,13407,12.62,immoscout
600.00,45.70,13407,13.13,immoscout
750.00,62.28,13407,12.04,immoscout
700.00,15.00,10115,46.67,immoscout
1160.00,95.00,10317,12.21,immoscout
1547.70,103.18,12524,15.00,immoscout
2018.72,126.17,13156,16.00,immoscout
841.19,43.10,10315,19.52,immoscout
588.71,52.47,12459,11.22,immoscout
699.00,67.88,10315,10.30,immoscout
559.00,54.04,12627,10.34,immoscout
799.00,71.41,10315,11.19,immoscout
780.00,21.00,10557,37.14,immoscout
2138.00,117.80,13189,18.15,immoscout
1400.00,49.00,10585,28.57,immoscout
1037.34,89.49,12526,11.59,immoscout
1100.00,85.00,13086,12.94,immoscout
2200.00,99.17,10245,22.18,immoscout
1073.77,85.69,12439,12.53,immoscout
4995.00,219.97,10245,22.71,immoscout
780.00,18.00,10557,43.33,immoscout
3050.00,125.41,10245,24.32,immoscout
1989.00,117.80,13189,16.88,immoscout
2690.00,134.62,10245,19.98,immoscout
1970.00,124.40,13189,15.84,immoscout
1320.00,140.00,12623,9.43,immoscout
1590.00,80.27,10245,19.81,immoscout
750.00,27.80,13355,26.98,immoscout
572.00,20.50,13355,27.90,immoscout
541.00,20.50,13355,26.39,immoscout
1023.30,60.55,10963,16.90,immoscout
571.00,20.50,13355,27.85,immoscout
2077.00,106.36,10787,19.53,immoscout
571.00,20.50,13355,27.85,immoscout
2077.00,112.71,10785,18.43,immoscout
1333.00,66.40,10787,20.08,immoscout
1491.80,82.60,10787,18.06,immoscout
1200.20,66.40,10787,18.08,immoscout
603.00,24.10,13355,25.02,immoscout
2077.00,103.60,10785,20.05,immoscout
3499.00,176.80,10115,19.79,immoscout
645.00,27.80,13355,23.20,immoscout
759.00,27.80,13355,27.30,immoscout
530.00,20.50,13355,25.85,immoscout
593.00,20.50,13355,28.93,immoscout
899.00,72.53,12527,12.39,immoscout
645.00,27.70,13355,23.29,immoscout
593.00,20.50,13355,28.93,immoscout
919.00,63.50,13189,14.47,immoscout
1295.00,105.47,12557,12.28,immoscout
1550.00,70.49,10785,21.99,immoscout
3000.00,106.00,10997,28.30,immoscout
1485.00,82.48,12163,18.00,immoscout
1335.00,86.00,10119,15.52,immoscout
2847.00,159.24,10623,17.88,immoscout
1380.00,104.50,12459,13.21,immoscout
2460.44,115.84,10707,21.24,immoscout
3500.00,143.22,10178,24.44,immoscout
799.00,83.61,12559,9.56,immoscout
494.34,60.00,12587,8.24,immoscout
391.93,62.40,10319,6.28,immoscout
612.00,52.00,13125,11.77,immoscout
669.00,60.00,13591,11.15,immoscout
529.08,66.16,12309,8.00,immoscout
930.00,81.71,12357,11.38,immoscout
1174.40,64.40,12435,18.24,immoscout
640.00,13.00,10557,49.23,immoscout
671.00,83.05,12557,8.08,immoscout
561.20,72.32,13409,7.76,immoscout
1116.00,76.00,14195,14.68,immoscout
614.24,84.00,14055,7.31,immoscout
1972.00,136.00,14167,14.50,immoscout
2458.41,144.61,10115,17.00,immoscout
2626.84,154.52,10115,17.00,immoscout
970.20,32.34,10249,30.00,immoscout
1039.00,83.14,12527,12.50,immoscout
418.11,60.00,13359,6.97,immoscout
700.00,15.00,10557,46.67,immoscout
620.00,12.00,10557,51.67,immoscout
347.77,42.38,12309,8.21,immoscout
356.80,43.48,12309,8.21,immoscout
1623.05,109.00,14165,14.89,immoscout
644.48,80.59,12309,8.00,immoscout
1477.40,101.89,12047,14.50,immoscout
658.53,69.76,12559,9.44,immoscout
556.51,69.59,12309,8.00,immoscout
1271.25,84.75,10785,15.00,immoscout
578.00,62.00,13467,9.32,immoscout
1998.00,136.00,10439,14.69,immoscout
852.68,67.14,12527,12.70,immoscout
940.01,77.05,12527,12.20,immoscout
2340.00,117.00,10243,20.00,immoscout
2340.00,117.00,10243,20.00,immoscout
743.16,123.00,13359,6.04,immoscout
1300.00,86.00,12589,15.12,immoscout
590.63,56.25,12589,10.50,immoscout
1534.00,77.66,10557,19.75,immoscout
1499.00,77.66,10557,19.30,immoscout
607.53,76.00,12057,7.99,immoscout
2500.00,81.45,10623,30.69,immoscout
1353.00,123.00,12526,11.00,immoscout
809.00,52.19,12167,15.50,immoscout
790.00,47.00,12527,16.81,immoscout
1330.00,100.00,12557,13.30,immoscout
605.68,76.00,12057,7.97,immoscout
610.00,36.85,10318,16.55,immoscout
1250.00,75.12,10115,16.64,immoscout
518.69,61.00,12685,8.50,immoscout
1986.17,102.38,10557,19.40,immoscout
518.69,61.00,12685,8.50,immoscout
1003.86,60.84,12435,16.50,immoscout
1198.00,49.90,10405,24.01,immoscout
458.78,61.17,12629,7.50,immoscout
459.00,61.20,12629,7.50,immoscout
1149.00,115.42,13403,9.95,immoscout
1650.00,77.03,10179,21.42,immoscout
1700.00,80.46,10179,21.13,immoscout
1500.00,43.50,10963,34.48,immoscout
2700.00,158.21,10783,17.07,immoscout
785.00,79.37,12623,9.89,immoscout
840.00,24.00,10245,35.00,immoscout
1500.18,90.92,10115,16.50,immoscout
2950.00,164.00,10439,17.99,immoscout
1988.00,90.36,10785,22.00,immoscout
1958.00,91.06,10785,21.50,immoscout
2249.00,159.55,10589,14.10,immoscout
2832.00,177.00,10785,16.00,immoscout
2272.00,142.00,10785,16.00,immoscout
640.00,13.00,10557,49.23,immoscout
1724.85,114.99,10785,15.00,immoscout
815.00,70.88,10553,11.50,immoscout
1222.00,101.81,10553,12.00,immoscout
1090.00,45.20,10115,24.12,immoscout
1023.30,60.55,10963,16.90,immoscout
1400.00,81.30,14199,17.22,immoscout
1798.00,100.00,10783,17.98,immoscout
997.00,83.04,12555,12.01,immoscout
891.00,68.50,12459,13.01,immoscout
2650.00,129.94,10245,20.39,immoscout
1450.00,140.00,14089,10.36,immoscout
700.00,15.00,10557,46.67,immoscout
856.98,74.50,12623,11.50,immoscout
640.00,13.00,10557,49.23,immoscout
1999.00,92.00,10785,21.73,immoscout
334.51,48.48,12205,6.90,immoscout
700.00,16.00,10557,43.75,immoscout
3597.40,260.00,10117,13.84,immoscout
716.48,52.97,10243,13.53,immoscout
465.00,19.50,13347,23.85,immoscout
1164.60,77.64,12527,15.00,immoscout
1271.38,107.38,12163,11.84,immoscout
1490.00,99.40,12555,14.99,immoscout
358.20,47.76,14055,7.50,immoscout
1049.00,81.00,14057,12.95,immoscout
1235.10,82.34,13581,15.00,immoscout
503.59,45.69,13507,11.02,immoscout
753.05,68.42,13581,11.01,immoscout
850.00,81.30,10369,10.46,immoscout
535.50,30.60,12555,17.50,immoscout
1190.00,47.40,10623,25.11,immoscout
1912.54,136.61,10627,14.00,immoscout
562.05,37.47,12489,15.00,immoscout
609.02,41.43,12489,14.70,immoscout
804.83,39.26,10827,20.50,immoscout
753.10,75.31,12557,10.00,immoscout
2150.00,81.10,10179,26.51,immoscout
658.00,54.78,12555,12.01,immoscout
1456.00,66.03,10247,22.05,immoscout
3130.00,226.00,10829,13.85,immoscout
715.00,57.43,13053,12.45,immoscout
1890.00,105.00,10557,18.00,immoscout
1700.00,112.81,10247,15.07,immoscout
1177.80,60.40,10963,19.50,immoscout
1842.43,95.96,10557,19.20,immoscout
1578.66,89.19,10557,17.70,immoscout
1410.72,90.24,13581,15.63,immoscout
1711.50,94.50,14193,18.11,immoscout
4237.50,169.50,14193,25.00,immoscout
1280.00,64.00,10117,20.00,immoscout
1470.00,105.00,10365,14.00,immoscout
1595.00,151.00,12307,10.56,immoscout
2100.00,117.00,13187,17.95,immoscout
590.00,27.78,10178,21.24,immoscout
780.00,17.00,10557,45.88,immoscout
1850.00,96.81,10623,19.11,immoscout
687.55,70.97,10315,9.69,immoscout
780.00,20.00,10115,39.00,immoscout
868.00,65.54,13051,13.24,immoscout
1450.00,120.00,14109,12.08,immoscout
1980.00,158.00,10785,12.53,immoscout
1950.00,74.00,10623,26.35,immoscout
799.00,63.70,10317,12.54,immoscout
580.00,41.00,10365,14.15,immoscout
5233.00,249.17,10629,21.00,immoscout
1400.00,64.44,10179,21.73,immoscout
706.69,50.41,12526,14.02,immoscout
710.00,56.50,12459,12.57,immoscout
979.00,76.15,12051,12.86,immoscout
2100.00,105.00,10963,20.00,immoscout
1540.00,77.00,10179,20.00,immoscout
834.00,61.71,13409,13.51,immoscout
715.00,75.28,12489,9.50,immoscout
945.00,65.00,12439,14.54,immoscout
780.00,20.00,10115,39.00,immoscout
729.00,74.00,12559,9.85,immoscout
529.00,56.00,12559,9.45,immoscout
1655.00,159.20,12161,10.40,immoscout
755.00,51.00,10783,14.80,immoscout
570.83,26.55,12555,21.50,immoscout
629.00,61.08,12527,10.30,immoscout
562.80,32.61,12555,17.26,immoscout
524.21,62.00,12689,8.46,immoscout
736.59,27.71,10179,26.58,immoscout
449.67,73.26,13595,6.14,immoscout
502.07,61.71,14052,8.14,immoscout
740.00,15.00,10245,49.33,immoscout
2622.00,69.92,14129,37.50,immoscout
3300.00,165.00,14193,20.00,immoscout
1278.70,67.30,12489,19.00,immoscout
1382.72,95.36,10367,14.50,immoscout
676.70,67.00,12689,10.10,immoscout
1010.45,72.18,10315,14.00,immoscout
2370.19,180.93,10247,13.10,immoscout
1890.00,73.00,10115,25.89,immoscout
430.75,41.82,12589,10.30,immoscout
1700.00,101.15,10785,16.81,immoscout
1094.55,72.97,13409,15.00,immoscout
1055.67,105.00,13585,10.05,immoscout
1450.95,85.35,10963,17.00,immoscout
1835.40,87.40,10119,21.00,immoscout
464.17,66.31,12629,7.00,immoscout
1670.00,126.59,12055,13.19,immoscout
253.45,25.86,13581,9.80,immoscout
669.74,86.24,13595,7.77,immoscout
2100.00,125.00,10551,16.80,immoscout
1099.68,39.50,10711,27.84,immoscout
1399.56,53.50,10711,26.16,immoscout
1060.00,77.00,12623,13.77,immoscout
750.00,41.69,13347,17.99,immoscout
2100.00,155.00,12205,13.55,immoscout
2040.00,119.00,12623,17.14,immoscout
856.00,68.50,12459,12.50,immoscout
661.00,57.50,12459,11.50,immoscout
620.14,71.00,13158,8.73,immoscout
1060.00,44.00,10963,24.09,immoscout
1200.00,57.70,10963,20.80,immoscout
1650.00,77.00,10557,21.43,immoscout
1460.00,85.00,10557,17.18,immoscout
920.00,46.00,12277,20.00,immoscout
1008.00,63.00,12277,16.00,immoscout
1026.00,54.00,12277,19.00,immoscout
799.00,73.00,13187,10.95,immoscout
1998.00,79.05,10435,25.28,immoscout
300.33,45.89,12351,6.54,immoscout
476.26,67.08,12459,7.10,immoscout
985.00,64.00,14059,15.39,immoscout
610.00,30.49,12555,20.01,immoscout
1237.00,84.25,12305,14.68,immoscout
2794.08,174.63,10711,16.00,immoscout
1478.70,82.15,10557,18.00,immoscout
1164.00,93.15,14129,12.50,immoscout
3250.00,216.17,10965,15.03,immoscout
638.00,22.00,12051,29.00,immoscout
2199.00,143.13,10551,15.36,immoscout
1443.28,90.21,10315,16.00,immoscout
1258.06,88.29,10315,14.25,immoscout
1088.26,65.96,10315,16.50,immoscout
2490.00,100.70,10435,24.73,immoscout
3265.42,143.54,10179,22.75,immoscout
450.00,55.00,12247,8.18,immoscout
692.00,72.23,13086,9.58,immoscout
655.80,74.45,13125,8.81,immoscout
1216.80,81.12,13409,15.00,immoscout
963.50,64.24,13409,15.00,immoscout
1420.00,57.19,10963,24.83,immoscout
1216.80,81.12,13409,15.00,immoscout
1147.95,76.53,13409,15.00,immoscout
1912.54,136.61,10627,14.00,immoscout
790.00,76.00,13591,10.39,immoscout
1986.00,153.00,10365,12.98,immoscout
1142.87,99.00,12555,11.54,immoscout
1164.84,68.52,10967,17.00,immoscout
1565.03,82.37,10967,19.00,immoscout
1600.00,95.00,14193,16.84,immoscout
2173.44,135.84,10249,16.00,immoscout
710.00,18.00,10785,39.44,immoscout
690.00,15.00,10785,46.00,immoscout
690.00,16.00,10785,43.13,immoscout
805.31,73.21,12047,11.00,immoscout
780.00,19.00,10785,41.05,immoscout
333.59,51.48,13589,6.48,immoscout
840.00,20.00,10785,42.00,immoscout
800.00,16.00,10785,50.00,immoscout
2300.00,180.00,10829,12.78,immoscout
366.05,37.00,14109,9.89,immoscout
760.00,63.00,13125,12.06,immoscout
2172.00,148.71,14195,14.61,immoscout
863.62,74.50,12526,11.59,immoscout
1676.91,87.43,10557,19.18,immoscout
2900.00,127.37,10439,22.77,immoscout
640.00,10.00,10557,64.00,immoscout
2597.00,133.19,10117,19.50,immoscout
1184.00,74.31,10407,15.93,immoscout
1899.00,110.00,10965,17.26,immoscout
2027.00,144.84,10317,13.99,immoscout
2550.00,161.00,10999,15.84,immoscout
1650.00,108.00,10555,15.28,immoscout
2575.00,142.00,10555,18.13,immoscout
1710.00,85.50,10179,20.00,immoscout
1122.27,64.13,10557,17.50,immoscout
3200.00,240.00,10785,13.33,immoscout
670.38,48.15,12435,13.92,immoscout
2505.75,66.82,14129,37.50,immoscout
1023.23,82.16,12526,12.45,immoscout
861.06,61.42,12526,14.02,immoscout
445.42,61.95,10585,7.19,immoscout
640.00,13.00,10557,49.23,immoscout
2548.00,260.00,10247,9.80,immoscout
1458.42,100.65,12051,14.49,immoscout
1100.00,100.00,12589,11.00,immoscout
2400.00,112.00,10965,21.43,immoscout
1800.00,48.00,10405,37.50,immoscout
1200.00,37.00,10405,32.43,immoscout
1799.98,76.34,10969,23.58,immoscout
2575.00,103.00,10245,25.00,immoscout
1299.00,73.41,10439,17.70,immoscout
1562.00,97.62,10963,16.00,immoscout
1799.00,95.80,10179,18.78,immoscout
2557.80,121.90,10117,20.98,immoscout
1500.00,73.00,12045,20.55,immoscout
1700.00,84.00,10785,20.24,immoscout
1399.00,106.00,10115,13.20,immoscout
1230.00,43.00,10249,28.60,immoscout
2250.00,116.00,10117,19.40,immoscout
998.66,92.64,13467,10.78,immoscout
2410.29,123.08,10115,19.58,immoscout
1890.00,101.38,10587,18.64,immoscout
1200.00,73.00,12045,16.44,immoscout
1149.00,95.86,12489,11.99,immoscout
1195.04,75.16,10117,15.90,immoscout
1475.00,140.59,12307,10.49,immoscout
289.72,38.00,12357,7.62,immoscout
285.74,38.00,10963,7.52,immoscout
795.00,80.28,12349,9.90,immoscout
718.85,91.00,12353,7.90,immoscout
330.00,39.00,13088,8.46,immoscout
4000.00,152.70,10179,26.20,immoscout
920.00,70.00,12487,13.14,immoscout
910.00,70.00,14089,13.00,immoscout
2227.50,165.00,10367,13.50,immoscout
1335.00,76.21,10245,17.52,immoscout
679.59,75.51,12349,9.00,immoscout
780.50,62.44,13125,12.50,immoscout
533.97,59.33,12349,9.00,immoscout
876.40,97.00,12305,9.04,immoscout
549.98,59.00,12207,9.32,immoscout
704.00,88.00,10367,8.00,immoscout
500.00,22.25,10825,22.47,immoscout
248.00,31.00,10367,8.00,immoscout
665.03,83.00,13585,8.01,immoscout
1735.00,118.00,10245,14.70,immoscout
1368.00,76.00,10825,18.00,immoscout
980.00,75.00,10365,13.07,immoscout
912.00,48.00,12489,19.00,immoscout
608.58,67.62,12349,9.00,immoscout
1250.00,108.13,12524,11.56,immoscout
970.88,52.48,10178,18.50,immoscout
647.00,42.80,10245,15.12,immoscout
735.00,74.00,12559,9.93,immoscout
579.00,60.00,12559,9.65,immoscout
579.00,60.00,12559,9.65,immoscout
1600.00,86.40,10179,18.52,immoscout
2150.00,190.00,14129,11.32,immoscout
538.00,19.00,10179,28.32,immoscout
1711.35,95.34,10557,17.95,immoscout
2131.10,122.83,10557,17.35,immoscout
1775.00,99.44,10557,17.85,immoscout
1050.25,56.25,10555,18.67,immoscout
1602.00,89.00,14195,18.00,immoscout
1550.88,116.00,10367,13.37,immoscout
1094.73,84.21,12527,13.00,immoscout
595.00,23.08,10715,25.78,immoscout
1322.24,82.64,14109,16.00,immoscout
2700.00,198.00,13189,13.64,immoscout
1033.35,46.97,10315,22.00,immoscout
869.00,90.00,13437,9.66,immoscout
2850.00,165.00,10119,17.27,immoscout
841.80,36.60,10245,23.00,immoscout
2610.00,127.66,10179,20.44,immoscout
550.00,45.25,12209,12.15,immoscout
428.29,64.02,13589,6.69,immoscout
925.00,66.00,12051,14.02,immoscout
1761.17,90.06,10787,19.56,immoscout
1266.60,66.40,10787,19.08,immoscout
850.00,30.00,10405,28.33,immoscout
349.58,43.00,12309,8.13,immoscout
787.00,63.00,13589,12.49,immoscout
653.14,75.16,13129,8.69,immoscout
289.72,38.00,12357,7.62,immoscout
2200.00,150.00,10439,14.67,immoscout
2350.00,118.00,10629,19.92,immoscout
1636.65,109.11,10245,15.00,immoscout
570.00,28.89,10178,19.73,immoscout
585.00,25.05,13347,23.35,immoscout
826.00,39.55,10178,20.88,immoscout
2570.00,156.68,10785,16.40,immoscout
1990.00,125.49,10785,15.86,immoscout
1297.00,114.00,12247,11.38,immoscout
2575.00,142.00,10555,18.13,immoscout
449.00,20.30,13089,22.12,immoscout
459.00,20.30,13089,22.61,immoscout
900.10,35.16,10827,25.60,immoscout
1580.00,103.12,10439,15.32,immoscout
464.17,66.31,12629,7.00,immoscout
950.00,68.00,12621,13.97,immoscout
1641.00,126.00,10365,13.02,immoscout
1133.65,64.78,10557,17.50,immoscout
1157.11,66.31,10557,17.45,immoscout
3008.15,170.45,10178,17.65,immoscout
1158.84,66.60,10557,17.40,immoscout
1180.00,56.00,10115,21.07,immoscout
880.00,56.70,12555,15.52,immoscout
1490.00,99.40,12555,14.99,immoscout
1365.00,70.00,10115,19.50,immoscout
2100.00,140.16,10555,14.98,immoscout
1929.00,106.98,10179,18.03,immoscout
5981.00,225.00,10117,26.58,immoscout
2500.00,127.00,10245,19.69,immoscout
1700.14,128.00,12555,13.28,immoscout
1142.87,99.00,12555,11.54,immoscout
1550.00,85.00,14059,18.24,immoscout
1764.91,92.89,10117,19.00,immoscout
530.00,35.81,13403,14.80,immoscout
430.00,28.00,12487,15.36,immoscout
900.00,38.35,10245,23.47,immoscout
1279.76,75.28,10115,17.00,immoscout
1550.00,80.95,10117,19.15,immoscout
4416.40,110.41,10115,40.00,immoscout
5540.64,131.92,10115,42.00,immoscout
5540.64,131.92,10115,42.00,immoscout
4416.40,110.41,10115,40.00,immoscout
4416.40,110.41,10115,40.00,immoscout
850.00,42.00,13359,20.24,immoscout
2593.40,129.67,10119,20.00,immoscout
465.00,19.50,13347,23.85,immoscout
1464.13,117.13,13593,12.50,immoscout
1014.30,57.96,10315,17.50,immoscout
1776.53,118.44,10315,15.00,immoscout
1412.95,97.45,10315,14.50,immoscout
399.00,11.00,12459,36.27,immoscout
2200.00,124.00,10711,17.74,immoscout
534.93,59.00,13089,9.07,immoscout
399.00,11.00,12459,36.27,immoscout
399.00,11.00,12459,36.27,immoscout
1299.90,54.05,10969,24.05,immoscout
1773.65,100.49,10557,17.65,immoscout
1766.18,91.04,10557,19.40,immoscout
1666.68,98.04,10557,17.00,immoscout
1745.50,130.00,13088,13.43,immoscout
1169.14,82.05,10315,14.25,immoscout
1107.76,68.17,10315,16.25,immoscout
1771.67,98.70,10557,17.95,immoscout
1740.61,96.97,10557,17.95,immoscout
1346.00,69.00,10117,19.51,immoscout
3300.00,152.00,14195,21.71,immoscout
1750.00,0.00,10785,#DIV/0!,immoscout
2157.10,154.35,10585,13.98,immoscout
1130.56,65.35,10557,17.30,immoscout
1718.24,96.26,10557,17.85,immoscout
1148.37,66.38,10557,17.30,immoscout
1750.81,96.73,10557,18.10,immoscout
1730.20,96.93,10557,17.85,immoscout
1335.48,107.25,13467,12.45,immoscout
2200.00,100.46,10711,21.90,immoscout
2365.00,98.00,10789,24.13,immoscout
860.00,48.00,10247,17.92,immoscout
1397.40,76.57,10557,18.25,immoscout
3315.00,138.00,10117,24.02,immoscout
1560.00,80.90,10179,19.28,immoscout
492.00,24.00,12489,20.50,immoscout
1150.00,90.00,13465,12.78,immoscout
1900.00,130.00,10997,14.62,immoscout
850.00,75.00,10247,11.33,immoscout
689.99,79.00,13089,8.73,immoscout
1336.02,75.91,10115,17.60,immoscout
2873.56,151.00,10439,19.03,immoscout
2442.50,228.27,14199,10.70,immoscout
1222.00,47.00,10711,26.00,immoscout
1854.81,92.05,10557,20.15,immoscout
2149.92,119.44,10557,18.00,immoscout
1543.56,81.67,10557,18.90,immoscout
2487.88,121.36,10557,20.50,immoscout
2990.00,120.00,10963,24.92,immoscout
1528.55,81.96,10557,18.65,immoscout
1583.50,86.06,10557,18.40,immoscout
610.00,61.00,13581,10.00,immoscout
1030.00,81.50,12623,12.64,immoscout
1336.02,75.91,10115,17.60,immoscout
478.98,30.47,14167,15.72,immoscout
545.00,23.16,10178,23.53,immoscout
1250.00,56.61,12589,22.08,immoscout
2200.00,109.00,10245,20.18,immoscout
2442.88,111.00,10245,22.01,immoscout
2980.00,142.00,10245,20.99,immoscout
2200.00,107.00,10245,20.56,immoscout
2824.03,131.00,10245,21.56,immoscout
2800.00,174.93,12589,16.01,immoscout
1686.60,112.44,10785,15.00,immoscout
1698.00,101.02,10785,16.81,immoscout
1999.00,125.20,10179,15.97,immoscout
785.03,58.15,12489,13.50,immoscout
464.69,24.25,12459,19.16,immoscout
1252.00,64.14,10557,19.52,immoscout
1251.06,89.17,14167,14.03,immoscout
1045.66,74.53,14167,14.03,immoscout
2491.00,99.65,10405,25.00,immoscout
322.41,37.93,12629,8.50,immoscout
1614.62,84.98,10557,19.00,immoscout
1300.00,57.00,10119,22.81,immoscout
1349.00,51.00,14059,26.45,immoscout
1099.00,43.00,14059,25.56,immoscout
420.00,20.30,13089,20.69,immoscout
1295.00,64.00,10963,20.23,immoscout
1935.00,122.00,14193,15.86,immoscout
2700.00,169.53,10629,15.93,immoscout
2780.00,173.79,10629,16.00,immoscout
1250.00,129.53,13088,9.65,immoscout
868.00,65.54,13051,13.24,immoscout
2400.00,100.00,14199,24.00,immoscout
1836.00,153.00,10365,12.00,immoscout
3440.00,176.50,10117,19.49,immoscout
2457.80,122.89,12587,20.00,immoscout
1600.00,55.00,10587,29.09,immoscout
1680.00,75.00,10777,22.40,immoscout
598.90,59.89,12587,10.00,immoscout
950.00,67.86,12559,14.00,immoscout
1632.00,136.00,10785,12.00,immoscout
1640.00,102.41,14199,16.01,immoscout
3670.00,153.00,14193,23.99,immoscout
1495.62,106.83,10117,14.00,immoscout
1872.60,124.84,10117,15.00,immoscout
1960.75,126.50,10117,15.50,immoscout
1810.00,121.91,10625,14.85,immoscout
1390.00,73.78,10117,18.84,immoscout
621.51,72.00,13089,8.63,immoscout
1250.00,87.00,12487,14.37,immoscout
483.28,56.00,13507,8.63,immoscout
2565.00,171.00,13086,15.00,immoscout
3800.00,200.00,10787,19.00,immoscout
1440.00,80.00,12051,18.00,immoscout
1710.00,95.00,12051,18.00,immoscout
4400.00,123.00,10117,35.77,immoscout
717.27,77.88,12207,9.21,immoscout
5100.00,123.00,10117,41.46,immoscout
1199.00,52.00,10711,23.06,immoscout
1390.00,55.00,10707,25.27,immoscout
875.00,35.00,10707,25.00,immoscout
1730.00,93.00,10785,18.60,immoscout
1543.19,81.65,10557,18.90,immoscout
2131.92,101.52,10557,21.00,immoscout
2720.00,68.00,10117,40.00,immoscout
1095.00,68.63,10825,15.96,immoscout
1444.64,99.63,10711,14.50,immoscout
1450.00,102.00,10117,14.22,immoscout
2200.00,131.19,10787,16.77,immoscout
1854.81,92.05,10557,20.15,immoscout
1813.37,98.02,10557,18.50,immoscout
3582.00,199.07,14109,17.99,immoscout
1602.13,91.55,10115,17.50,immoscout
1553.85,115.10,10115,13.50,immoscout
2058.00,117.60,10115,17.50,immoscout
2052.75,117.30,10115,17.50,immoscout
2135.00,123.00,12587,17.36,immoscout
1880.75,92.42,10557,20.35,immoscout
1103.30,64.90,10557,17.00,immoscout
5700.00,186.00,10669,30.65,immoscout
825.00,65.96,12489,12.51,immoscout
1625.00,65.00,10555,25.00,immoscout
1180.00,59.00,10555,20.00,immoscout
2490.00,170.00,10629,14.65,immoscout
4636.35,300.00,10719,15.45,immoscout
744.00,62.00,13597,12.00,immoscout
1000.00,59.00,10709,16.95,immoscout
2265.00,141.49,14199,16.01,immoscout
1805.00,112.71,14199,16.01,immoscout
2135.49,101.69,10557,21.00,immoscout
2487.88,121.36,10557,20.50,immoscout
2259.45,121.15,10557,18.65,immoscout
1841.94,92.56,10557,19.90,immoscout
1576.88,85.70,10557,18.40,immoscout
1528.55,81.96,10557,18.65,immoscout
386.00,32.86,12357,11.75,immoscout
2275.82,122.29,10557,18.61,immoscout
1677.36,93.97,10557,17.85,immoscout
317.55,41.06,12055,7.73,immoscout
1105.00,55.00,12051,20.09,immoscout
1850.00,90.02,10969,20.55,immoscout
1749.98,80.98,10969,21.61,immoscout
309.00,30.00,12309,10.30,immoscout
1373.00,114.42,12555,12.00,immoscout
2149.92,119.44,10557,18.00,immoscout
1771.45,97.87,10557,18.10,immoscout
2200.00,121.00,10785,18.18,immoscout
1529.44,81.57,10557,18.75,immoscout
2200.00,135.00,13053,16.30,immoscout
1600.00,80.00,10117,20.00,immoscout
1290.00,80.00,10627,16.13,immoscout
1450.00,85.00,10627,17.06,immoscout
1872.39,108.86,10557,17.20,immoscout
1990.00,125.46,10785,15.86,immoscout
1952.44,104.13,10557,18.75,immoscout
906.00,56.57,12347,16.02,immoscout
1066.00,69.40,12357,15.36,immoscout
1999.19,101.43,10969,19.71,immoscout
1873.01,108.58,10557,17.25,immoscout
2162.91,111.49,10557,19.40,immoscout
2379.41,122.65,10557,19.40,immoscout
2394.00,133.00,13187,18.00,immoscout
1500.00,41.00,10179,36.59,immoscout
1050.00,42.00,10179,25.00,immoscout
950.00,27.00,10179,35.19,immoscout
1700.00,62.00,10179,27.42,immoscout
728.61,30.98,10179,23.52,immoscout
1400.00,90.00,10625,15.56,immoscout
840.00,89.00,13581,9.44,immoscout
1293.00,58.77,10785,22.00,immonet
876.18,83.82,15711,10.45,immonet
1500.00,72.00,10435,20.83,immonet
1135.00,98.60,14542,11.51,immonet
1200.00,80.05,12203,14.99,immonet
750.00,50.00,14476,15.00,immonet
1020.00,42.29,10249,24.12,immonet
3850.00,209.00,10117,18.42,immonet
640.00,90.80,14641,7.05,immonet
746.10,49.74,10243,15.00,immonet
1520.00,81.37,10249,18.68,immonet
1951.08,111.49,10557,17.50,immonet
1821.33,103.79,10787,17.55,immonet
1384.80,92.32,13127,15.00,immonet
1342.00,92.50,12527,14.51,immonet
928.32,71.63,15745,12.96,immonet
750.00,88.63,16321,8.46,immonet
850.00,35.00,10557,24.29,immonet
1132.37,66.61,14467,17.00,immonet
994.56,96.00,14641,10.36,immonet
1420.00,84.40,14199,16.82,immonet
1582.09,102.46,10247,15.44,immonet
1137.00,84.21,14542,13.50,immonet
1999.00,135.00,10317,14.81,immonet
449.00,34.38,12627,13.06,immonet
1677.00,140.00,14979,11.98,immonet
1049.00,92.00,15749,11.40,immonet
1289.47,100.53,15711,12.83,immonet
799.00,76.42,13125,10.46,immonet
852.93,66.90,12527,12.75,immonet
1384.00,80.00,10829,17.30,immonet
1393.77,87.11,10829,16.00,immonet
1654.15,95.23,10557,17.37,immonet
1200.00,54.80,10715,21.90,immonet
4400.00,246.00,10435,17.89,immonet
1571.81,96.43,10829,16.30,immonet
644.10,64.41,13437,10.00,immonet
1756.00,99.83,10557,17.59,immonet
1074.55,113.11,14480,9.50,immonet
836.83,90.96,14480,9.20,immonet
854.00,72.33,12529,11.81,immonet
1900.00,104.05,10557,18.26,immonet
559.00,17.00,12205,32.88,immonet
350.00,29.19,13353,11.99,immonet
2873.56,165.00,10439,17.42,immonet
1115.00,104.01,16515,10.72,immonet
2500.00,134.00,10969,18.66,immonet
557.63,23.75,10829,23.48,immonet
550.00,58.34,16761,9.43,immonet
761.25,101.50,16359,7.50,immonet
2175.00,160.00,14532,13.59,immonet
630.00,32.00,14169,19.69,immonet
2900.00,132.00,10557,21.97,immonet
579.00,43.11,13125,13.43,immonet
726.51,56.45,14641,12.87,immonet
849.17,77.55,14641,10.95,immonet
673.92,74.88,14055,9.00,immonet
669.00,69.79,12627,9.59,immonet
420.00,42.50,15834,9.88,immonet
856.06,26.79,10557,31.95,immonet
519.00,74.70,16356,6.95,immonet
1203.31,65.72,10115,18.31,immonet
437.18,53.26,13409,8.21,immonet
764.64,53.00,10315,14.43,immonet
1295.53,69.10,10179,18.75,immonet
1060.00,105.52,13353,10.05,immonet
998.03,61.18,13409,16.31,immonet
2374.00,172.00,14050,13.80,immonet
699.00,57.35,10315,12.19,immonet
3490.00,190.00,14057,18.37,immonet
1478.00,77.79,10557,19.00,immonet
890.00,51.00,13158,17.45,immonet
3500.00,158.00,10557,22.15,immonet
1233.40,66.40,10787,18.58,immonet
630.00,63.00,14513,10.00,immonet
320.00,78.88,14947,4.06,immonet
673.71,63.20,13156,10.66,immonet
879.00,64.00,12103,13.73,immonet
457.94,38.45,14641,11.91,immonet
958.03,87.25,14669,10.98,immonet
999.00,90.94,12529,10.99,immonet
360.00,42.00,14612,8.57,immonet
470.00,50.00,16341,9.40,immonet
1080.00,71.54,14548,15.10,immonet
749.00,62.02,13055,12.08,immonet
980.00,69.08,13158,14.19,immonet
449.00,37.31,12629,12.03,immonet
1299.00,55.00,13585,23.62,immonet
494.22,65.17,10783,7.58,immonet
630.23,66.34,12307,9.50,immonet
358.72,37.76,14776,9.50,immonet
1487.50,87.50,14467,17.00,immonet
2287.80,125.00,10707,18.30,immonet
1840.57,119.44,10557,15.41,immonet
1100.00,46.00,10243,23.91,immonet
799.00,71.41,10315,11.19,immonet
852.77,27.45,10557,31.07,immonet
1545.00,82.94,10249,18.63,immonet
819.00,67.99,12529,12.05,immonet
1350.00,104.00,14169,12.98,immonet
1050.00,76.27,10555,13.77,immonet
720.00,95.13,14822,7.57,immonet
1648.58,72.47,10179,22.75,immonet
1424.00,89.00,14195,16.00,immonet
936.99,74.07,15745,12.65,immonet
1130.00,82.27,14473,13.74,immonet
987.00,94.00,15344,10.50,immonet
859.92,48.31,10829,17.80,immonet
599.00,65.31,14641,9.17,immonet
4416.40,110.41,10115,40.00,immonet
449.00,35.69,12627,12.58,immonet
1336.82,87.58,10627,15.26,immonet
1040.00,65.48,14199,15.88,immonet
2750.00,110.00,10625,25.00,immonet
1500.00,85.00,10785,17.65,immonet
1100.00,100.00,16540,11.00,immonet
1280.00,106.00,16341,12.08,immonet
570.00,63.75,14776,8.94,immonet
1165.95,68.59,10179,17.00,immonet
1110.00,57.00,10555,19.47,immonet
1809.22,95.98,10557,18.85,immonet
912.49,54.90,13409,16.62,immonet
1869.90,230.00,12249,8.13,immonet
1335.71,113.10,14641,11.81,immonet
1430.00,76.27,10249,18.75,immonet
364.76,51.96,13509,7.02,immonet
1738.00,89.86,14059,19.34,immonet
935.00,55.00,14089,17.00,immonet
522.17,82.66,12355,6.32,immonet
722.13,57.77,15831,12.50,immonet
2920.00,132.00,10557,22.12,immonet
1440.00,47.00,10557,30.64,immonet
1360.00,64.81,10249,20.98,immonet
1545.00,103.15,14467,14.98,immonet
791.62,29.68,10557,26.67,immonet
879.00,77.09,13127,11.40,immonet
1150.00,115.00,14624,10.00,immonet
1992.00,60.00,10711,33.20,immonet
790.00,30.00,10557,26.33,immonet
407.00,57.00,10439,7.14,immonet
1084.70,95.40,14641,11.37,immonet
499.00,37.10,10315,13.45,immonet
1023.30,60.55,10963,16.90,immonet
1100.00,93.61,12167,11.75,immonet
472.83,62.96,12309,7.51,immonet
1188.49,152.37,16321,7.80,immonet
1000.00,83.70,12524,11.95,immonet
719.00,74.34,12627,9.67,immonet
450.00,62.00,16761,7.26,immonet
840.00,84.00,14943,10.00,immonet
419.13,48.01,12047,8.73,immonet
1571.40,87.30,12557,18.00,immonet
1890.00,147.36,14193,12.83,immonet
799.00,81.43,14641,9.81,immonet
1019.16,85.00,14979,11.99,immonet
1169.14,82.05,10315,14.25,immonet
693.00,35.00,14199,19.80,immonet
799.00,54.00,10245,14.80,immonet
895.95,59.73,12347,15.00,immonet
1700.00,124.36,13158,13.67,immonet
900.00,62.00,14195,14.52,immonet
610.00,61.00,14542,10.00,immonet
1650.00,126.70,12459,13.02,immonet
1350.00,92.00,10117,14.67,immonet
390.00,58.00,16230,6.72,immonet
1739.09,96.67,10557,17.99,immonet
1190.95,94.52,15745,12.60,immonet
640.00,54.12,12529,11.83,immonet
275.00,35.44,14776,7.76,immonet
1550.00,97.93,12459,15.83,immonet
320.00,20.87,14476,15.33,immonet
1270.00,79.20,10629,16.04,immonet
649.00,71.27,13051,9.11,immonet
965.00,60.98,14199,15.82,immonet
1800.00,82.50,10435,21.82,immonet
1637.91,98.02,10557,16.71,immonet
633.33,68.10,14480,9.30,immonet
1178.85,40.65,10249,29.00,immonet
491.88,68.88,12359,7.14,immonet
850.00,95.10,13156,8.94,immonet
1340.00,89.26,14199,15.01,immonet
491.00,51.72,15344,9.49,immonet
360.00,16.15,14471,22.29,immonet
698.29,56.45,14641,12.37,immonet
1850.00,91.00,10785,20.33,immonet
557.15,55.00,12205,10.13,immonet
1653.00,87.00,14467,19.00,immonet
640.00,29.70,10315,21.55,immonet
1901.84,91.66,10179,20.75,immonet
313.69,48.26,14641,6.50,immonet
1542.87,91.57,10179,16.85,immonet
940.00,42.29,10249,22.23,immonet
1126.14,98.00,14197,11.49,immonet
595.00,56.00,12683,10.63,immonet
1435.48,78.02,10179,18.40,immonet
320.72,54.84,13583,5.85,immonet
1534.00,77.66,10557,19.75,immonet
1980.00,110.00,10249,18.00,immonet
629.38,66.25,14480,9.50,immonet
589.71,71.48,14776,8.25,immonet
565.88,67.77,14480,8.35,immonet
899.00,91.11,10315,9.87,immonet
700.00,41.00,14089,17.07,immonet
1370.00,59.57,10179,23.00,immonet
650.28,68.45,14480,9.50,immonet
440.00,61.20,16227,7.19,immonet
2720.00,68.00,10117,40.00,immonet
3185.54,168.00,10439,18.96,immonet
859.00,72.33,12529,11.88,immonet
949.00,29.95,10557,31.69,immonet
1005.35,101.55,13089,9.90,immonet
1069.81,110.57,12307,9.68,immonet
656.00,52.50,12247,12.50,immonet
880.00,80.00,16321,11.00,immonet
1250.00,78.00,12487,16.03,immonet
699.00,56.98,13125,12.27,immonet
2141.64,134.02,10557,15.98,immonet
1236.00,85.00,10625,14.54,immonet
1246.17,69.04,10179,18.05,immonet
1020.00,79.70,13055,12.80,immonet
1942.50,129.50,13581,15.00,immonet
3199.00,156.10,10179,20.49,immonet
550.00,47.00,13407,11.70,immonet
1800.00,96.60,10405,18.63,immonet
990.00,47.48,10557,20.85,immonet
5540.64,131.92,10115,42.00,immonet
1625.00,82.83,10249,19.62,immonet
862.00,72.33,12529,11.92,immonet
757.32,81.58,12305,9.28,immonet
885.00,59.00,14052,15.00,immonet
918.00,108.00,16556,8.50,immonet
464.69,24.25,12459,19.16,immonet
924.03,71.63,15745,12.90,immonet
1199.00,93.93,12529,12.76,immonet
1165.00,65.60,10557,17.76,immonet
800.00,29.00,10627,27.59,immonet
1115.76,92.98,14542,12.00,immonet
410.00,48.30,16562,8.49,immonet
428.49,28.19,13407,15.20,immonet
1550.00,77.79,10557,19.93,immonet
1100.00,53.00,10587,20.75,immonet
1157.90,99.20,12623,11.67,immonet
903.00,64.50,16540,14.00,immonet
1196.00,92.00,14612,13.00,immonet
1200.00,103.93,16515,11.55,immonet
1990.00,101.00,10963,19.70,immonet
1491.66,82.87,14163,18.00,immonet
851.24,27.75,10557,30.68,immonet
732.07,77.88,14480,9.40,immonet
1132.00,78.07,14542,14.50,immonet
800.00,75.00,15713,10.67,immonet
1000.00,70.00,10247,14.29,immonet
268.00,15.00,12459,17.87,immonet
723.75,48.25,12555,15.00,immonet
2520.00,153.00,10117,16.47,immonet
980.00,90.70,13597,10.80,immonet
1733.59,95.20,10557,18.21,immonet
691.00,77.64,14480,8.90,immonet
1450.00,73.00,10117,19.86,immonet
689.00,51.97,12529,13.26,immonet
1340.00,67.00,10555,20.00,immonet
1471.63,96.50,12439,15.25,immonet
1190.00,88.61,13581,13.43,immonet
1484.98,86.79,10557,17.11,immonet
978.00,106.51,13585,9.18,immonet
629.00,54.50,12627,11.54,immonet
1595.00,89.75,10249,17.77,immonet
320.00,43.68,15562,7.33,immonet
699.00,71.22,12627,9.81,immonet
2635.54,241.00,14167,10.94,immonet
518.82,22.90,10829,22.66,immonet
822.00,82.83,13158,9.92,immonet
1039.00,41.56,10625,25.00,immonet
550.00,92.00,14542,5.98,immonet
980.00,95.00,15806,10.32,immonet
1850.00,107.00,10115,17.29,immonet
3500.00,143.22,10178,24.44,immonet
950.00,63.00,12621,15.08,immonet
659.60,65.96,13437,10.00,immonet
5700.00,186.00,10969,30.65,immonet
1222.00,47.00,10711,26.00,immonet
1599.00,92.30,12459,17.32,immonet
367.29,40.81,14776,9.00,immonet
1435.00,77.07,10249,18.62,immonet
1675.17,100.49,10557,16.67,immonet
3800.00,158.00,10557,24.05,immonet
3120.00,135.00,10178,23.11,immonet
949.00,88.30,12529,10.75,immonet
696.00,76.93,12103,9.05,immonet
1249.00,43.00,10969,29.05,immonet
1314.12,80.00,10829,16.43,immonet
1900.00,116.00,10719,16.38,immonet
598.00,60.29,13127,9.92,immonet
1699.28,108.58,10557,15.65,immonet
2495.00,166.34,12309,15.00,immonet
549.00,41.42,12529,13.25,immonet
640.00,102.97,14641,6.22,immonet
415.50,42.00,12437,9.89,immonet
800.00,43.76,14050,18.28,immonet
1556.88,98.04,10557,15.88,immonet
897.00,44.87,10997,19.99,immonet
790.00,88.00,13086,8.98,immonet
700.00,65.00,12489,10.77,immonet
999.00,80.59,13055,12.40,immonet
530.00,57.71,13403,9.18,immonet
1139.04,81.36,10315,14.00,immonet
791.22,29.76,10557,26.59,immonet
1800.00,92.00,10557,19.57,immonet
1036.88,79.76,15831,13.00,immonet
2004.13,117.89,14467,17.00,immonet
2730.00,120.06,10249,22.74,immonet
1049.00,96.44,12529,10.88,immonet
1048.53,96.55,14641,10.86,immonet
1584.00,91.84,10557,17.25,immonet
799.00,71.20,10315,11.22,immonet
950.00,50.00,14467,19.00,immonet
400.00,45.00,15345,8.89,immonet
840.00,71.98,16515,11.67,immonet
545.00,50.24,15827,10.85,immonet
579.00,43.00,13125,13.47,immonet
1281.55,90.00,10315,14.24,immonet
1595.00,89.00,10249,17.92,immonet
680.00,37.11,10319,18.32,immonet
640.00,61.00,14542,10.49,immonet
1119.04,69.94,10245,16.00,immonet
438.60,63.29,13509,6.93,immonet
1950.00,104.00,10557,18.75,immonet
699.00,70.28,12627,9.95,immonet
3250.00,170.00,10439,19.12,immonet
1100.00,61.29,13158,17.95,immonet
1663.47,98.43,10829,16.90,immonet
1636.73,95.08,10115,17.21,immonet
2446.00,122.30,10119,20.00,immonet
725.00,58.00,15831,12.50,immonet
915.19,80.99,12557,11.30,immonet
3216.57,185.50,10178,17.34,immonet
786.07,30.79,10557,25.53,immonet
2990.00,130.00,10779,23.00,immonet
557.00,55.70,15345,10.00,immonet
594.00,66.00,16761,9.00,immonet
366.00,39.00,12557,9.38,immonet
307.57,108.60,12059,2.83,immonet
1440.00,120.00,12555,12.00,immonet
1196.62,157.45,16321,7.60,immonet
1199.00,58.00,10557,20.67,immonet
810.00,66.20,13158,12.24,immonet
845.00,67.53,12557,12.51,immonet
1270.00,106.00,12555,11.98,immonet
1181.00,63.53,10557,18.59,immonet
1250.00,56.61,12589,22.08,immonet
1049.00,81.00,14057,12.95,immonet
681.82,71.77,14480,9.50,immonet
1660.00,84.00,10557,19.76,immonet
1300.00,96.33,13158,13.50,immonet
1105.77,62.68,10115,17.64,immonet
1158.95,89.15,13125,13.00,immonet
1650.00,139.47,12557,11.83,immonet
440.00,72.81,14943,6.04,immonet
690.00,51.52,14532,13.39,immonet
1310.00,43.10,10969,30.39,immonet
1085.04,60.28,10245,18.00,immonet
876.79,73.31,14669,11.96,immonet
1699.30,108.86,10557,15.61,immonet
901.51,53.03,10963,17.00,immonet
1999.23,101.69,10557,19.66,immonet
2448.00,150.00,10178,16.32,immonet
2305.02,171.76,12205,13.42,immonet
2864.67,144.17,10557,19.87,immonet
1481.77,106.22,10315,13.95,immonet
350.11,54.13,13409,6.47,immonet
225.36,28.17,14776,8.00,immonet
571.00,56.68,13127,10.07,immonet
622.00,26.00,12277,23.92,immonet
1073.77,85.69,12439,12.53,immonet
1600.00,91.00,12055,17.58,immonet
1050.00,65.00,13187,16.15,immonet
2330.00,116.42,10249,20.01,immonet
649.00,22.35,10557,29.04,immonet
819.00,86.03,13351,9.52,immonet
600.00,67.88,14471,8.84,immonet
1014.89,106.83,14542,9.50,immonet
1072.53,63.09,10243,17.00,immonet
695.81,56.25,14641,12.37,immonet
218.41,36.29,12355,6.02,immonet
1250.00,61.00,10785,20.49,immonet
563.88,60.96,15806,9.25,immonet
754.00,77.00,10245,9.79,immonet
1394.10,92.94,10247,15.00,immonet
390.00,54.74,14641,7.12,immonet
515.77,70.75,12309,7.29,immonet
1795.00,103.57,10557,17.33,immonet
5981.00,225.00,10117,26.58,immonet
401.58,57.62,12355,6.97,immonet
1197.27,67.60,10585,17.71,immonet
1584.00,126.70,10553,12.50,immonet
1149.00,31.90,14199,36.02,immonet
750.00,1376.00,14163,0.55,immonet
840.15,59.27,12489,14.17,immonet
1149.00,93.48,13055,12.29,immonet
443.37,65.38,12207,6.78,immonet
761.46,74.00,12459,10.29,immonet
870.00,80.95,12529,10.75,immonet
1057.03,84.36,15745,12.53,immonet
890.00,30.00,10557,29.67,immonet
4400.00,123.00,10117,35.77,immonet
310.00,30.00,14641,10.33,immonet
900.00,48.00,10243,18.75,immonet
1619.00,85.06,10435,19.03,immonet
852.23,27.55,10557,30.93,immonet
779.00,66.43,12529,11.73,immonet
1460.00,64.86,10249,22.51,immonet
1577.76,93.97,10557,16.79,immonet
2250.00,127.00,12103,17.72,immonet
1059.00,81.50,13055,12.99,immonet
1270.00,43.71,10785,29.06,immonet
740.00,40.00,14059,18.50,immonet
470.00,56.85,14822,8.27,immonet
979.53,55.66,10585,17.60,immonet
1285.00,171.06,14776,7.51,immonet
1279.16,113.10,14641,11.31,immonet
946.12,67.58,12159,14.00,immonet
1261.80,63.09,10243,20.00,immonet
1485.00,89.69,14199,16.56,immonet
700.00,53.23,13595,13.15,immonet
690.00,41.00,10999,16.83,immonet
1200.00,99.29,12623,12.09,immonet
712.68,59.39,12555,12.00,immonet
1249.00,98.99,12529,12.62,immonet
2400.00,107.00,10557,22.43,immonet
598.00,46.02,12529,12.99,immonet
1150.00,81.00,12683,14.20,immonet
1692.92,98.77,10557,17.14,immonet
560.00,68.12,14822,8.22,immonet
699.24,76.17,13053,9.18,immonet
1149.00,63.00,12277,18.24,immonet
1399.00,115.02,13055,12.16,immonet
459.00,35.69,12627,12.86,immonet
1004.60,84.92,15745,11.83,immonet
500.00,77.00,14943,6.49,immonet
1443.00,84.78,10557,17.02,immonet
955.00,56.00,14089,17.05,immonet
1405.00,79.33,14199,17.71,immonet
278.12,27.00,14482,10.30,immonet
579.00,53.98,12627,10.73,immonet
1559.01,102.23,12439,15.25,immonet
558.11,23.86,10829,23.39,immonet
406.30,58.00,10117,7.01,immonet
1218.92,90.29,12555,13.50,immonet
1344.87,99.62,12439,13.50,immonet
2100.00,105.00,10963,20.00,immonet
2800.00,174.93,12589,16.01,immonet
600.00,67.00,10437,8.96,immonet
2280.00,190.00,12555,12.00,immonet
3800.00,154.00,10557,24.68,immonet
360.00,39.31,16761,9.16,immonet
1550.00,64.00,10785,24.22,immonet
1501.00,103.49,14542,14.50,immonet
2626.84,154.52,10115,17.00,immonet
1250.00,52.08,10245,24.00,immonet
703.23,56.85,14641,12.37,immonet
1189.86,68.58,10179,17.35,immonet
281.50,40.10,13589,7.02,immonet
699.00,49.00,10711,14.27,immonet
1200.00,79.48,14548,15.10,immonet
599.00,42.18,12529,14.20,immonet
1100.00,73.00,12621,15.07,immonet
3111.00,160.00,10785,19.44,immonet
899.00,76.15,12051,11.81,immonet
2720.00,136.15,10249,19.98,immonet
1106.92,61.33,10179,18.05,immonet
2150.00,93.20,10117,23.07,immonet
1550.00,68.50,10435,22.63,immonet
500.92,74.36,13587,6.74,immonet
1110.10,65.30,14467,17.00,immonet
902.48,66.85,12526,13.50,immonet
1210.00,82.00,14193,14.76,immonet
1700.00,90.00,10785,18.89,immonet
792.99,29.40,10557,26.97,immonet
1178.00,68.71,10557,17.14,immonet
1500.00,70.74,10711,21.20,immonet
1178.00,61.91,14199,19.03,immonet
1136.34,66.03,12051,17.21,immonet
1330.85,73.94,13581,18.00,immonet
830.50,75.50,16321,11.00,immonet
1271.25,84.75,10785,15.00,immonet
2053.50,136.90,12439,15.00,immonet
1149.00,32.17,14199,35.72,immonet
1907.17,98.67,10115,19.33,immonet
1400.00,86.00,10787,16.28,immonet
839.29,80.71,15711,10.40,immonet
1037.50,83.00,12555,12.50,immonet
599.00,53.74,12627,11.15,immonet
750.00,23.00,10557,32.61,immonet
1099.00,96.44,12529,11.40,immonet
1545.00,91.86,14199,16.82,immonet
850.00,95.95,12557,8.86,immonet
1486.52,104.81,10627,14.18,immonet
1900.00,170.00,12165,11.18,immonet
2299.00,129.59,10435,17.74,immonet
1693.85,98.04,10115,17.28,immonet
1014.80,76.81,12439,13.21,immonet
250.00,37.00,16515,6.76,immonet
749.00,66.78,12529,11.22,immonet
968.00,88.00,14974,11.00,immonet
370.00,60.15,16227,6.15,immonet
894.00,66.15,12623,13.51,immonet
510.00,64.19,14547,7.95,immonet
1149.00,33.01,14199,34.81,immonet
795.00,30.00,12277,26.50,immonet
1450.00,98.00,10117,14.80,immonet
550.00,20.50,13355,26.83,immonet
910.92,79.21,14641,11.50,immonet
265.00,11.00,14469,24.09,immonet
436.00,53.60,10117,8.13,immonet
670.00,30.00,10557,22.33,immonet
1899.00,130.78,14199,14.52,immonet
8900.00,462.00,10117,19.26,immonet
1400.00,82.00,14089,17.07,immonet
980.00,64.86,14548,15.11,immonet
729.00,28.90,12489,25.22,immonet
436.50,58.20,14797,7.50,immonet
1941.94,122.83,10557,15.81,immonet
649.00,70.68,13051,9.18,immonet
1631.47,75.01,10179,21.75,immonet
1567.43,129.54,13125,12.10,immonet
773.00,70.00,13465,11.04,immonet
540.13,24.95,10829,21.65,immonet
560.00,56.00,15711,10.00,immonet
1200.00,107.45,15754,11.17,immonet
1659.67,96.83,10557,17.14,immonet
1068.00,71.21,12524,15.00,immonet
1650.00,77.00,10557,21.43,immonet
1685.79,97.22,10557,17.34,immonet
257.14,34.20,13403,7.52,immonet
700.00,70.00,15834,10.00,immonet
1207.00,46.50,10557,25.96,immonet
3262.00,195.00,14193,16.73,immonet
780.00,71.00,14612,10.99,immonet
650.00,65.00,14776,10.00,immonet
376.50,20.50,14469,18.37,immonet
723.94,56.25,14641,12.87,immonet
510.00,68.63,12059,7.43,immonet
719.00,73.97,12627,9.72,immonet
1246.28,95.03,12439,13.11,immonet
900.00,81.11,16515,11.10,immonet
1042.56,96.00,14641,10.86,immonet
897.00,66.35,12623,13.52,immonet
1150.00,76.00,14548,15.13,immonet
1693.63,94.30,10557,17.96,immonet
1000.00,100.00,12587,10.00,immonet
420.00,19.00,10365,22.11,immonet
789.02,73.87,14669,10.68,immonet
1105.00,55.00,12051,20.09,immonet
500.00,28.00,10781,17.86,immonet
1249.00,31.97,14199,39.07,immonet
1050.00,67.00,12529,15.67,immonet
1425.00,140.00,15834,10.18,immonet
1400.00,78.60,10557,17.81,immonet
969.00,75.49,13507,12.84,immonet
1280.00,95.22,13158,13.44,immonet
2104.17,217.00,12167,9.70,immonet
960.00,60.00,10245,16.00,immonet
1727.23,105.36,10115,16.39,immonet
1200.00,106.44,15537,11.27,immonet
1295.00,122.67,16515,10.56,immonet
650.00,78.29,14959,8.30,immonet
781.50,71.04,13595,11.00,immonet
954.62,55.18,10829,17.30,immonet
900.00,60.00,12621,15.00,immonet
455.00,65.00,14943,7.00,immonet
599.00,45.73,13127,13.10,immonet
949.00,90.12,14641,10.53,immonet
649.00,69.70,12629,9.31,immonet
1484.18,98.43,10829,15.08,immonet
687.22,60.23,10318,11.41,immonet
979.00,101.73,14641,9.62,immonet
912.00,48.00,12489,19.00,immonet
600.00,45.50,12555,13.19,immonet
360.00,63.00,10117,5.71,immonet
1420.00,138.77,10587,10.23,immonet
2950.00,164.00,10439,17.99,immonet
391.21,53.59,13587,7.30,immonet
2755.00,190.00,14050,14.50,immonet
1114.00,85.22,10553,13.07,immonet
1850.00,122.00,10557,15.16,immonet
820.00,23.00,10557,35.65,immonet
799.00,73.26,12529,10.91,immonet
1100.00,63.00,10557,17.46,immonet
675.00,60.16,16515,11.22,immonet
819.00,81.30,14641,10.07,immonet
499.00,37.21,12629,13.41,immonet
254.19,36.27,10409,7.01,immonet
1240.00,110.73,13581,11.20,immonet
1995.00,99.78,10997,19.99,immonet
1120.00,56.00,10555,20.00,immonet
1400.00,74.00,10785,18.92,immonet
862.25,63.87,13597,13.50,immonet
1300.00,42.50,10115,30.59,immonet
905.28,56.58,13187,16.00,immonet
1183.54,69.62,14467,17.00,immonet
1289.00,101.00,15711,12.76,immonet
1200.00,62.00,10115,19.35,immonet
1353.00,123.00,12526,11.00,immonet
994.00,83.00,12557,11.98,immonet
1568.00,98.00,10245,16.00,immonet
1492.12,106.58,14050,14.00,immonet
1500.00,70.00,10557,21.43,immonet
1067.89,102.88,14478,10.38,immonet
1125.00,83.37,14542,13.49,immonet
739.00,52.62,13055,14.04,immonet
1595.00,90.81,10249,17.56,immonet
1136.68,72.40,10829,15.70,immonet
1320.00,110.00,12555,12.00,immonet
477.33,64.33,12109,7.42,immonet
380.00,40.00,13351,9.50,immonet
790.97,68.78,14641,11.50,immonet
874.46,76.00,12489,11.51,immonet
1646.09,94.17,10557,17.48,immonet
526.90,47.79,14480,11.03,immonet
610.74,65.32,14480,9.35,immonet
784.10,62.23,15745,12.60,immonet
499.00,36.93,10315,13.51,immonet
910.00,68.33,13581,13.32,immonet
375.38,57.75,12627,6.50,immonet
1750.00,190.00,12353,9.21,immonet
1551.16,119.32,12555,13.00,immonet
1081.00,92.00,15344,11.75,immonet
610.00,67.78,14480,9.00,immonet
1699.37,95.47,10557,17.80,immonet
1211.08,93.16,13156,13.00,immonet
904.88,73.33,15711,12.34,immonet
1254.32,74.25,10829,16.89,immonet
3500.00,390.00,14513,8.97,immonet
539.00,42.00,16515,12.83,immonet
848.34,60.38,13409,14.05,immonet
770.00,26.72,12167,28.82,immonet
1037.00,95.40,14641,10.87,immonet
598.00,42.69,12161,14.01,immonet
660.00,80.07,14822,8.24,immonet
1018.50,33.95,10967,30.00,immonet
1553.89,88.00,10829,17.66,immonet
1713.00,90.00,12163,19.03,immonet
1535.00,87.81,10557,17.48,immonet
835.00,75.84,13591,11.01,immonet
1720.00,89.00,10249,19.33,immonet
1493.36,135.76,12623,11.00,immonet
2759.00,141.32,10557,19.52,immonet
475.00,72.00,13507,6.60,immonet
1470.00,86.00,10785,17.09,immonet
1085.04,86.50,12529,12.54,immonet
2190.00,112.27,10785,19.51,immonet
1500.00,77.93,10557,19.25,immonet
589.00,53.98,12627,10.91,immonet
1790.00,113.00,12163,15.84,immonet
1220.00,73.89,14548,16.51,immonet
3121.89,143.54,10179,21.75,immonet
739.00,78.24,13158,9.45,immonet
489.42,58.51,13507,8.36,immonet
1789.00,176.98,10787,10.11,immonet
650.00,49.00,12526,13.27,immonet
970.00,96.28,16761,10.07,immonet
559.00,43.00,12555,13.00,immonet
1200.00,120.00,16515,10.00,immonet
936.00,80.00,15344,11.70,immonet
949.00,89.74,13127,10.57,immonet
1195.00,99.63,16348,11.99,immonet
627.34,44.81,15831,14.00,immonet
352.00,57.70,14641,6.10,immonet
869.00,73.79,12529,11.78,immonet
2145.00,143.00,13359,15.00,immonet
1475.00,76.79,10249,19.21,immonet
510.00,68.12,14822,7.49,immonet
856.04,26.79,10557,31.95,immonet
1369.00,53.90,10179,25.40,immonet
1023.91,83.38,15745,12.28,immonet
1000.00,53.70,10707,18.62,immonet
1123.20,35.10,10249,32.00,immonet
1944.38,127.50,12439,15.25,immonet
790.65,29.87,10557,26.47,immonet
950.00,47.63,10557,19.95,immonet
780.00,39.00,10711,20.00,immonet
1590.00,68.50,10179,23.21,immonet
1623.05,109.00,14165,14.89,immonet
1875.00,126.78,10557,14.79,immonet
2900.00,152.00,14195,19.08,immonet
1378.72,98.48,12347,14.00,immonet
1132.34,62.00,12247,18.26,immonet
1080.00,97.96,13629,11.02,immonet
904.50,67.00,12526,13.50,immonet
1000.00,96.00,14656,10.42,immonet
1249.00,31.07,14199,40.20,immonet
4732.00,182.00,10115,26.00,immonet
998.16,83.18,14979,12.00,immonet
1476.00,123.00,16515,12.00,immonet
707.00,74.38,14776,9.51,immonet
1020.00,68.80,14199,14.83,immonet
815.00,84.00,15537,9.70,immonet
903.00,85.00,13465,10.62,immonet
584.95,72.09,10318,8.11,immonet
1749.00,120.00,12587,14.58,immonet
1700.00,130.00,14109,13.08,immonet
240.00,34.42,15537,6.97,immonet
500.00,24.95,14478,20.04,immonet
1261.50,63.17,10178,19.97,immonet
2150.00,156.00,14482,13.78,immonet
3264.00,167.36,10785,19.50,immonet
1800.00,90.00,10115,20.00,immonet
945.84,67.56,10315,14.00,immonet
1355.00,70.64,10249,19.18,immonet
1520.00,80.00,10555,19.00,immonet
1324.00,60.00,10557,22.07,immonet
852.17,66.90,12527,12.74,immonet
1199.00,90.66,12529,13.23,immonet
475.00,49.65,14612,9.57,immonet
1270.58,74.74,14467,17.00,immonet
1290.00,55.00,13585,23.45,immonet
610.09,47.85,15831,12.75,immonet
580.00,44.00,10405,13.18,immonet
690.00,70.44,13127,9.80,immonet
3265.42,143.54,10179,22.75,immonet
750.00,59.62,10719,12.58,immonet
844.25,91.00,12247,9.28,immonet
1130.00,85.32,13158,13.24,immonet
1598.67,103.14,10315,15.50,immonet
2019.68,115.41,14467,17.50,immonet
1719.32,99.44,10557,17.29,immonet
3600.00,157.00,10557,22.93,immonet
288.80,44.43,12627,6.50,immonet
450.08,56.26,13599,8.00,immonet
520.00,58.00,16515,8.97,immonet
770.00,94.21,14822,8.17,immonet
1189.00,61.00,14197,19.49,immonet
447.18,57.70,14943,7.75,immonet
5100.00,123.00,10117,41.46,immonet
549.50,78.50,14943,7.00,immonet
459.00,39.48,12627,11.63,immonet
728.61,30.98,10179,23.52,immonet
1670.00,123.86,15738,13.48,immonet
470.00,81.00,14943,5.80,immonet
3000.00,176.00,10115,17.05,immonet
1450.00,88.00,12161,16.48,immonet
944.00,75.51,10999,12.50,immonet
650.00,40.00,10557,16.25,immonet
1410.72,90.24,13581,15.63,immonet
2197.00,121.00,10557,18.16,immonet
441.00,62.88,14641,7.01,immonet
4200.00,163.00,10557,25.77,immonet
1247.16,69.10,10179,18.05,immonet
1050.00,91.07,15537,11.53,immonet
674.00,56.00,12557,12.04,immonet
1590.00,86.55,10249,18.37,immonet
1050.00,43.55,10785,24.11,immonet
518.00,79.61,15806,6.51,immonet
442.33,69.19,14943,6.39,immonet
1049.00,96.74,12529,10.84,immonet
1455.46,84.62,10557,17.20,immonet
1170.00,88.61,13581,13.20,immonet
1044.05,96.10,14641,10.86,immonet
1840.00,108.00,14089,17.04,immonet
1299.00,103.48,12529,12.55,immonet
1872.60,124.84,10117,15.00,immonet
670.00,54.60,16515,12.27,immonet
888.44,63.46,10315,14.00,immonet
777.00,105.00,13595,7.40,immonet
1360.00,66.69,10249,20.39,immonet
535.92,20.56,13353,26.07,immonet
1496.06,90.67,10557,16.50,immonet
651.00,66.03,10315,9.86,immonet
989.52,107.44,15745,9.21,immonet
434.78,56.10,14943,7.75,immonet
687.00,68.70,14776,10.00,immonet
2349.00,123.79,12555,18.98,immonet
1249.00,33.21,14199,37.61,immonet
729.00,70.74,13057,10.31,immonet
778.50,25.95,10967,30.00,immonet
1400.00,72.55,10249,19.30,immonet
9500.00,462.00,10117,20.56,immonet
1227.00,62.77,10557,19.55,immonet
520.00,65.03,14959,8.00,immonet
420.40,42.40,13595,9.92,immonet
1200.00,110.00,16761,10.91,immonet
1340.38,107.23,14542,12.50,immonet
684.96,71.35,14480,9.60,immonet
1412.95,97.45,10315,14.50,immonet
644.11,19.07,10179,33.78,immonet
2175.00,119.85,10249,18.15,immonet
586.50,69.00,16515,8.50,immonet
1480.00,102.56,13409,14.43,immonet
469.00,14.00,12205,33.50,immonet
1490.00,85.00,10785,17.53,immonet
1440.00,104.52,13581,13.78,immonet
1750.48,100.66,10557,17.39,immonet
1000.26,96.55,14641,10.36,immonet
860.00,55.79,13581,15.41,immonet
870.00,87.00,15537,10.00,immonet
659.09,23.62,10179,27.90,immonet
1690.00,71.00,10969,23.80,immonet
1600.00,94.00,10785,17.02,immonet
1206.57,101.82,15745,11.85,immonet
613.41,53.34,14641,11.50,immonet
2458.41,144.61,10115,17.00,immonet
2300.00,111.40,10707,20.65,immonet
1583.40,109.20,14050,14.50,immonet
1825.00,126.82,10557,14.39,immonet
1094.80,64.40,14467,17.00,immonet
735.84,53.00,10315,13.88,immonet
1142.09,95.02,12439,12.02,immonet
472.58,38.05,14641,12.42,immonet
619.00,68.04,12627,9.10,immonet
1435.07,78.85,10829,18.20,immonet
310.00,44.00,16227,7.05,immonet
1450.44,85.12,10557,17.04,immonet
4360.00,172.00,10777,25.35,immonet
1878.00,197.59,15344,9.50,immonet
599.00,20.00,10965,29.95,immonet
2275.00,182.00,14469,12.50,immonet
1400.00,84.64,14199,16.54,immonet
794.43,61.11,15831,13.00,immonet
1200.00,150.00,16727,8.00,immonet
641.55,42.77,12555,15.00,immonet
1544.00,72.64,10245,21.26,immonet
330.00,30.00,16515,11.00,immonet
600.00,40.00,12555,15.00,immonet
400.00,42.51,14542,9.41,immonet
1460.98,74.50,10829,19.61,immonet
1310.00,93.40,12487,14.03,immonet
980.00,52.79,10997,18.56,immonet
1875.00,117.23,10557,15.99,immonet
689.00,54.44,12529,12.66,immonet
1558.26,115.91,10117,13.44,immonet
1419.00,129.00,15344,11.00,immonet
3459.52,182.00,10439,19.01,immonet
453.56,38.05,14641,11.92,immonet
900.00,84.00,12277,10.71,immonet
2504.74,173.94,12051,14.40,immonet
538.00,19.34,10179,27.82,immonet
1125.00,102.35,13629,10.99,immonet
1477.00,118.17,12353,12.50,immonet
9500.00,400.00,14193,23.75,immonet
1650.00,103.33,12163,15.97,immonet
1000.00,74.95,13156,13.34,immonet
1930.00,93.20,14059,20.71,immonet
940.00,67.66,13581,13.89,immonet
901.77,66.29,12489,13.60,immonet
1270.00,110.72,13581,11.47,immonet
1650.00,93.00,10785,17.74,immonet
1650.00,73.00,10557,22.60,immonet
769.00,84.77,12627,9.07,immonet
473.24,60.75,10555,7.79,immonet
1648.43,95.34,10557,17.29,immonet
1200.00,3016.00,14163,0.40,immonet
669.00,69.86,12627,9.58,immonet
3058.60,203.10,10178,15.06,immonet
363.00,33.00,13359,11.00,immonet
850.00,54.00,13509,15.74,immonet
659.00,68.93,12629,9.56,immonet
1249.00,31.80,14199,39.28,immonet
2000.00,92.00,14059,21.74,immonet
865.00,72.35,12529,11.96,immonet
549.90,61.10,14776,9.00,immonet
879.00,72.35,12529,12.15,immonet
3100.00,152.00,10179,20.39,immonet
486.00,72.24,10178,6.73,immonet
700.00,77.50,14542,9.03,immonet
696.28,53.54,14165,13.00,immonet
882.35,121.00,14776,7.29,immonet
359.93,67.86,12045,5.30,immonet
335.00,47.78,16227,7.01,immonet
629.00,54.80,12629,11.48,immonet
858.75,86.00,10707,9.99,immonet
5309.75,212.39,10707,25.00,immonet
900.00,50.35,12053,17.87,immonet
2300.00,145.00,10439,15.86,immonet
1149.00,32.94,14199,34.88,immonet
1015.00,92.22,13591,11.01,immonet
647.73,47.98,12526,13.50,immonet
2085.15,91.66,10179,22.75,immonet
1425.00,80.72,10249,17.65,immonet
1100.00,120.00,14513,9.17,immonet
1870.00,75.00,10178,24.93,immonet
3181.10,212.10,14467,15.00,immonet
900.00,91.00,15749,9.89,immonet
749.00,74.15,13125,10.10,immonet
540.00,20.50,13355,26.34,immonet
449.00,33.54,12629,13.39,immonet
366.50,20.50,14469,17.88,immonet
312.00,51.99,16227,6.00,immonet
769.00,70.68,13057,10.88,immonet
1998.98,121.15,10557,16.50,immonet
982.22,85.54,12555,11.48,immonet
1323.20,66.16,10997,20.00,immonet
1155.00,101.50,16515,11.38,immonet
997.50,105.00,13585,9.50,immonet
1615.00,92.37,10557,17.48,immonet
700.00,41.00,14195,17.07,immonet
530.00,20.50,13355,25.85,immonet
498.95,58.70,15806,8.50,immonet
1148.00,85.01,14542,13.50,immonet
659.00,58.07,12529,11.35,immonet
1190.00,56.84,10557,20.94,immonet
1207.00,46.75,10557,25.82,immonet
1525.00,82.27,10249,18.54,immonet
1020.00,70.22,14548,14.53,immonet
899.00,85.53,12529,10.51,immonet
800.00,72.00,15741,11.11,immonet
650.00,65.00,13505,10.00,immonet
802.22,75.38,12685,10.64,immonet
2000.00,91.00,15711,21.98,immonet
1330.44,53.23,10115,24.99,immonet
505.63,69.36,12309,7.29,immonet
4360.00,171.80,10777,25.38,immonet
535.00,53.00,13353,10.09,immonet
739.44,72.00,12557,10.27,immonet
464.00,58.00,16515,8.00,immonet
293.00,43.70,14641,6.70,immonet
699.00,36.00,12555,19.42,immonet
460.00,68.60,14641,6.71,immonet
1210.00,115.39,13465,10.49,immonet
3475.00,178.40,14059,19.48,immonet
1750.00,119.00,12623,14.71,immonet
800.00,55.00,10781,14.55,immonet
2146.38,122.65,10557,17.50,immonet
856.65,67.40,15745,12.71,immonet
498.50,33.21,15370,15.01,immonet
779.00,67.99,12529,11.46,immonet
5000.00,200.00,10787,25.00,immonet
1500.00,79.65,12207,18.83,immonet
844.74,93.86,14480,9.00,immonet
1117.50,37.25,10249,30.00,immonet
740.00,28.00,14195,26.43,immonet
1379.50,55.18,12587,25.00,immonet
631.80,36.12,12489,17.49,immonet
1121.58,83.08,12526,13.50,immonet
2500.00,139.00,10557,17.99,immonet
890.00,50.78,10557,17.53,immonet
1600.00,105.00,12527,15.24,immonet
990.00,90.00,10711,11.00,immonet
1093.00,119.88,15711,9.12,immonet
1200.00,141.00,13591,8.51,immonet
659.00,70.15,12627,9.39,immonet
1170.00,91.90,13581,12.73,immonet
1065.00,65.36,14199,16.29,immonet
1149.00,30.77,14199,37.34,immonet
612.15,46.20,15831,13.25,immonet
700.00,74.95,14548,9.34,immonet
1698.00,150.00,14195,11.32,immonet
970.68,54.07,10585,17.95,immonet
1211.42,71.26,10243,17.00,immonet
2977.94,143.52,10179,20.75,immonet
1020.00,29.13,14193,35.02,immonet
1737.29,70.91,10711,24.50,immonet
4650.00,218.00,10115,21.33,immonet
888.00,78.95,12055,11.25,immonet
690.91,48.00,10315,14.39,immonet
1015.13,69.00,10315,14.71,immonet
638.55,58.05,15344,11.00,immonet
606.00,62.38,12587,9.71,immonet
420.00,57.42,14641,7.31,immonet
480.00,23.50,10319,20.43,immonet
562.05,37.47,12489,15.00,immonet